seed,L1-1 cover_total_m,L1-2 corr_length_km,L1-3 relief_m,L2-1 intensity_per_1e4km2,L2-3 basalt_multiplier,L5-2 rho_quartzite,L5-2 rho_shale,L5-2 rho_limestone,L5-2 rho_pandurra,L5-2 k_cover,L5-2 res_cover,C3-1 p_reduced,C3-2 belt_length_km,C4-1 reach_km,C4-2 body_intensity_per_1e4km2,L5-4 basement_sd,L5-4 basement_logk_sd,n_basalt,basalt_frac,n_iron,reduced_frac,zone_km2,n_ore,Mt_total,Mt_max,ore_depth_median,basement_sd_realized
1000,502.4850082912719,26.428185010195232,70.64126959833808,3.6259835403574305,9.988903435540895,2.6805372220905923,2.2241863316030694,2.2949287060407704,2.368559665636132,46.77320890213518,6.936629362653407,0.2936028277846875,33.54374112695496,2.9643661788941564,52.18725698268268,0.08029223711802433,0.9344196198507656,3,0.007808340727595386,4,0.29364093463472346,3082.0,16,18.843897241726726,2.446048754087562,262.8980110848061,0.08150900703774625
1001,534.4082249994829,10.255908937059518,28.15343653228945,8.863120516329,2.295376782552842,2.6131928388017993,2.592058489799478,2.5825766055904698,2.4373488976950743,30.947173077102423,4.29781982224413,0.1992187754604995,54.87934751704329,3.1463152294249195,195.98782758683674,0.0836563337209727,0.5888759329924502,15,0.046081041112097015,9,0.1992309967465247,2639.0,43,84.07674954053334,10.799117371772152,284.13417389885063,0.0801271446629973
1002,453.28740581909057,17.76906732679669,112.14184756022867,5.115935352839292,6.731230175592124,2.6928851452998264,2.2739566008533574,2.3829768697362606,2.3663845823311385,19.190070068108398,1.2479939941686924,0.24091382902081104,82.72076224549325,4.133137278138835,57.77361660393593,0.07725575181483041,0.5662554530093331,2,0.01230405205560485,5,0.2409346347234546,2767.0,21,26.253446208035022,6.246760564932544,240.8259389663491,0.07524752727418133
1003,385.7150788940217,15.115748635330883,74.2018990783277,7.286332459873482,13.785918648493306,2.6217034735465674,2.17035015469755,2.553598747813632,2.5255512691959296,24.52029656403858,2.2094375690458445,0.3628077756289142,32.01761931751109,1.0715166569682368,235.05749327851558,0.0372086298824117,0.8857577851995626,11,0.030227743271221533,2,0.36279207335107955,1648.0,39,88.20152028943862,8.431221261717585,180.19953491004284,0.03760408721751488
1004,320.30815845925025,12.330249461962088,20.7716047947887,5.0452370955779,11.55145468258579,2.6641750237551616,2.207354323114944,2.220252898972055,2.4225123113527016,92.31662766297741,218.13628293449983,0.2682019086068407,69.40139948220697,2.8234195414852903,227.4059177175693,0.07643933411743564,0.594328991658235,9,0.045666962437148774,2,0.2682046731736173,2132.0,42,62.677788293958145,8.767182152786571,165.63530686135852,0.07063812921106956
1005,348.7767105737628,44.71311789977599,43.09260425516557,7.108464388963989,15.19147631724947,2.694459202800036,2.1852937596144937,2.5338943527222897,2.352404835943803,27.993856735469905,726.8983127055619,0.15166348735903276,67.53288301505285,2.743620086523731,109.21254568020345,0.06580602033489466,0.5516210203913601,12,0.040875480627033424,1,0.15167110322389826,1210.0,9,12.061303104831305,4.511376071443671,151.09634029605195,0.06523951557163597
1006,437.92250175048855,26.301528051002208,44.67469491137633,3.900579557564585,14.596087554817569,2.686291143099387,2.485932752873002,2.241509676643214,2.499502755879019,62.364703481270915,1.147872961862391,0.4465090944011111,41.95475532179962,3.191437889847964,113.47036660518654,0.059225504213975995,0.7960342919367414,7,0.006388642413487134,2,0.44649511978704526,4694.0,67,128.3959670197269,11.22172449404463,204.1136893032137,0.05945214569629545
1007,344.92872811131,37.1831163362743,96.4392769377986,3.5727619586211876,11.009919489783389,2.681644353901304,2.342438004222668,2.6044872785229507,2.4629636300708846,93.88424276124962,314.7699846555175,0.39780249224653946,53.477089278023335,1.0289494571395903,55.31864007501145,0.05256620771570977,0.9114044012842477,2,0.0027210884353741495,3,0.39781129843241647,1139.0,8,9.81988345133095,4.69087349263464,148.70858420143585,0.05099976980142262
1008,378.53846216911654,37.008210414487685,32.614924382136266,9.870155636390885,17.714200660434525,2.6188970406500296,2.1998439678000814,2.4097585077735526,2.3477067024109446,28.288718792059477,451.9117905403451,0.47182441071151426,47.75944407034839,9.714844383001445,180.058305958638,0.09214066051836307,0.6899774408094463,26,0.0756580893226856,5,0.47181307305530906,7429.0,122,216.8713826064844,8.888164335236446,178.8207860353993,0.08627455971934873
1009,339.77516171870377,16.924045713522183,7.477719310979736,4.250611347410606,15.039379832116124,2.693196196568441,2.128542523958244,2.5779927641296436,2.419915772556457,18.979604687716943,78.42177276415832,0.3103207511053376,88.0739125039334,2.7414801221840586,91.27281849533603,0.08803368597916546,0.9383651115237444,4,0.013842058562555456,3,0.3103223898254954,2053.0,19,24.766489790608947,5.566493655434509,164.72676117538288,0.08479033391798473
1010,353.2472990365503,23.68711313188477,137.6515099670191,9.851726791110424,15.429932165476808,2.6261140463200463,2.5367665695504016,2.2200731296267544,2.355017047262357,49.333137958557046,349.56696001183644,0.2729421574374582,143.3856808475477,2.4209366299873167,123.60162409878636,0.08649367485184811,0.9673300299896725,11,0.04483880508725229,6,0.27293700088731143,1470.0,14,17.957495403930277,6.00657253006966,144.30469750462288,0.08767306189698978
1011,419.4436941226528,24.75974993003876,31.890020198098462,2.656311846573338,2.747741614627537,2.603098163644091,2.284367399274256,2.4446377100330374,2.4779675438870212,10.051397378191503,346.5696645450306,0.2478876248082063,39.144819213077334,2.554870475680137,108.31575609237287,0.04422216206664295,0.8365575126888001,5,0.011416740609287193,1,0.2479148181011535,2363.0,19,39.71806212447193,7.8805514362025395,236.88418097638527,0.046216375246546725
1012,427.21216914472365,35.127611127764546,35.76546293305135,8.88320542773631,9.39334902866506,2.673260565391815,2.203353768400026,2.364389056554494,2.427510590579583,78.19699898161096,28.974003833344433,0.4639627929973601,46.223660063607795,2.5970784472915978,78.85771780176069,0.04343047916354214,0.6687046298034537,10,0.024253179532682637,10,0.4639455782312925,3157.0,21,25.369745877130192,3.3199988224185586,206.71245192362053,0.04427463963310906
1013,598.0725203571658,11.355448228078748,100.89893869451538,5.58054805906645,13.105929393539064,2.6495967944806793,2.1414971257208824,2.695574020149606,2.3709324220995645,64.04046242031225,338.6797072559725,0.1617188203963501,71.12235646313754,1.2736144373667324,62.197926828555424,0.0922222292937564,0.7566742178953356,9,0.0259094942324756,3,0.16172729961549837,701.0,3,2.567269388821066,1.9333138938536132,366.04793656767566,0.09208094226025094
1014,472.43340056797996,25.667782045115686,134.694721047756,9.940645123337525,9.693693308845226,2.6758358060432923,2.332527467011725,2.3692812217642243,2.4282635003140265,39.711602728954865,3.5610222950919974,0.4637614186123732,92.28645026438616,3.6973259676498755,221.44391625885945,0.0735482092367345,0.9515320694966819,21,0.061461106181603074,6,0.463768115942029,2498.0,52,73.07443930939317,9.05929432617419,233.34307206652454,0.06752242578125806
1015,445.9660273319204,26.565757428647714,96.19576797266687,2.7434824358314582,1.5183212446194088,2.6256660482964618,2.164068733418532,2.6712562869468752,2.4085645227718517,50.055447976591516,114.46666800782509,0.2997051975181575,70.14549788161325,1.9172516786401888,148.87066344160309,0.09167259778956936,0.9570131186157398,6,0.019994084590357883,2,0.2997338065661047,1102.0,19,38.05410145749534,9.306836641180785,207.40403124524892,0.08642754882567802
1016,399.7970588492649,20.39059134470729,53.043593082709165,6.637661356969516,8.054343238527263,2.6354615599018545,2.105891666702946,2.568576684545598,2.4703756112720536,76.26329871472316,468.43852318727505,0.32947998905784587,121.33581063787064,3.7328644505887754,61.76322959915599,0.08387256199522289,0.7250434602650013,12,0.04868382135462881,5,0.3294883170659568,2349.0,17,44.97128983377727,9.69081879471527,171.6734583164189,0.0811050674884718
1017,641.4231140085967,37.5047559065993,145.8869088115652,6.796973861906826,2.1664740480936886,2.6302284074960633,2.54604771287399,2.60260739637515,2.478328547892106,63.80876910341684,44.032825004960166,0.4055442321096393,41.92811948529048,1.6232847693095742,69.58882083983038,0.04701725231750975,0.6171308138832972,10,0.007690032534753032,2,0.40556048506359066,1600.0,15,30.531147553776066,7.108536292513493,308.5113494620448,0.04683988509179719
1018,527.8914072160412,20.7970984217847,130.727083162954,8.515107100389198,9.980111453376102,2.680410705596284,2.4374965038419094,2.241305490952071,2.4584408707383822,21.033456856894137,12.27598254929584,0.33495120896858827,78.04731301794357,5.246412077530351,52.01658445099884,0.05636263637810186,0.6831922285076403,19,0.047737355811889974,7,0.3349896480331263,4050.0,16,27.09716318591584,8.020870148120267,278.5684786626465,0.05981501072816988
1019,395.92440051230705,18.914229761424227,70.03262463763211,8.63001558293143,4.608505076420464,2.667436466481558,2.3325119139247326,2.3443971256975105,2.509082534860427,84.5248313494741,2.1186773305453643,0.32976001044423653,78.11580724817439,5.0955617148243375,277.40795101640833,0.04755468493015122,0.6067719384859893,15,0.04998521147589471,4,0.3297840875480627,4165.0,103,166.13425508833234,7.797727294240087,200.06745101459646,0.04680433322150743
1020,522.5450850485513,15.78630584461237,11.353916745797592,7.6557362280456465,2.5090920772616365,2.6874406539020654,2.4746524320884498,2.2142961749586476,2.4288134758153017,41.30481526418685,157.29452215006876,0.47834299440720485,143.34634207599336,2.544108361789688,51.19380585257334,0.0453066708301785,0.9246753019839112,16,0.04897959183673469,2,0.47832002366163856,1999.0,9,9.888295293692392,4.413543677931218,224.69296120216026,0.04477593501751689
1021,451.03584988519304,11.389711203880164,148.71950634626083,2.9031765333751833,3.9690893731203762,2.678342351326784,2.129509298409776,2.417560283939817,2.3963788405983157,33.54923845938924,7.0140488065995354,0.2084889809922899,54.229965115937055,1.0233413825148143,230.3328417721046,0.08232300301108203,0.5895184859393852,5,0.010884353741496598,0,0.2085181898846495,997.0,19,27.71050816784127,8.862361334067971,243.31856205869764,0.07953713879206595
1022,320.18432589851056,43.84759361256366,88.47216596692623,7.16853589021338,9.739835869449267,2.639124704080452,2.5370730598042814,2.630696304600865,2.4200724894988817,14.528126439366021,137.18939241766537,0.43260474628178225,79.12036322721256,3.147175560547173,109.92550775919541,0.03019348362976469,0.7252573999512464,18,0.07110322389825495,6,0.4325939071280686,2597.0,24,30.654759526016843,7.429882442291586,151.27144494069097,0.029956742650586843
1023,438.6041780029842,42.9730365511961,136.44029267555436,7.977787057674937,14.992739469390523,2.6373645044166314,2.1808261561475297,2.3533421941409562,2.4173583889882266,56.055189937841604,215.12687579376183,0.3710067233597134,35.964043991240544,7.918286083979885,65.24504477692075,0.08516924842817608,0.5055132750015233,17,0.04986690328305235,5,0.3710144927536232,5751.0,35,60.851901665192976,6.23800402197661,203.21499026916737,0.08423714282078307
1024,432.86168919079944,15.155869766150566,55.546772122243546,9.08039725338963,11.603384853455516,2.684218495934352,2.310500992695389,2.6929496679187874,2.4781099698169706,33.387091812438435,21.227589525670922,0.2813012450241305,77.5994489126409,8.89980367629978,145.92425380241573,0.06541536563448141,0.8852803641078758,15,0.05968648328896776,1,0.2813368825791186,4684.0,61,103.17222721999234,7.169759165246284,225.66416337496008,0.06284575294154812
1025,607.3910783109504,27.520566627958292,24.321742285888497,4.061828504569898,5.566757456935459,2.622758517772061,2.521239109230946,2.447017554356649,2.335329790684158,52.744123000280865,3.4066474467338113,0.42797098858808547,133.1664059293786,1.6343066900898853,160.43994706739207,0.0815309016723984,0.9856369641613505,8,0.019698314108251996,3,0.4279798876072168,972.0,25,37.06437631708385,6.501901587950932,294.2564693936329,0.08037777748205252
1026,379.75801856653595,26.059682310628375,29.185520421140264,2.2844481315489302,10.69157173115957,2.676441083605788,2.319081405996175,2.66860070517221,2.4927539422519516,49.80542951908084,6.13558555371295,0.1800467938889323,35.10757505939891,13.380102521610507,97.25512551733189,0.09126822127315595,0.6980996168942747,3,0.009050576752440106,0,0.1800650695060633,3044.0,46,100.01947838594185,9.574093287631221,209.6729940376498,0.08808636597226427
1027,329.7910946388919,24.712856240957453,84.77430916640895,2.092127104052639,16.398962912712385,2.6508964131512838,2.437206359081987,2.458207275779988,2.4349626840040375,17.19672105578711,42.97814000683559,0.3546924514148504,112.66616161390316,8.161994304592259,289.7355376045268,0.06397152387171051,0.9553334964153227,2,0.006211180124223602,1,0.35468796214137827,4113.0,105,200.43570480213165,9.899397658654692,162.84313757964475,0.06425481278870032
1028,605.6598775144412,18.612894479540046,101.29682435444498,3.451028880358608,15.246412163464395,2.6488847338922095,2.2327761125615817,2.2734484724462254,2.3111893935368992,25.173524365070772,6.6069020232337,0.21347823051996695,41.58203374468263,3.4109427558719165,247.2341258571181,0.09076941602247095,0.5645880895044697,8,0.040106477373558116,1,0.21348713398402838,2967.0,67,101.85474502446391,7.090200100110609,316.76586104643667,0.0907324461771443
1029,612.8720677142693,37.601716005183604,7.379480424967822,3.4721271188315264,7.265094585808771,2.6764095097626543,2.53536518558352,2.30144911979716,2.4300560493282415,14.44488385452801,545.158177575567,0.21649389553948706,86.41240488918237,2.3808914121212528,116.02172157298317,0.08014061717288942,0.5930739773492626,1,0.0002957704821058858,4,0.21650399290150843,1507.0,18,27.167438135406723,8.406927690685587,331.8182422735215,0.08007355552662059
1030,402.9026617295174,10.413699128259614,121.92286935841068,6.600217022272886,17.843838203067346,2.653491978269594,2.469815756448887,2.34566614211912,2.4250468905893077,58.88705001000691,20.183651450232766,0.2900363475216696,131.7886095851759,10.97528075018181,91.2016950014389,0.08865100816387625,0.9568733041468566,12,0.03288967761017451,5,0.29003253475303165,4903.0,49,63.09145613209431,5.655590290661865,222.556262291425,0.08029504616675459
1031,562.3984200609032,46.170455399310406,99.32320070092273,7.425449203330535,4.373854239053404,2.622210025011586,2.1780094093038267,2.343176117186386,2.3966102872281367,12.227996003179637,13.799047619706968,0.3984579856832973,135.6811565027011,3.897895904566002,107.167899295069,0.08786626121716784,0.7854279841906979,11,0.04389233954451346,5,0.3984619934930494,1759.0,14,15.387763496702572,4.4979175265359705,291.58033926818825,0.08258506722880825
1032,627.2090022031763,14.589539103214927,149.47374682320358,7.707268715998934,11.224759251516279,2.650154329185743,2.332363037639698,2.2231976701093243,2.359843324574481,88.60480035354739,35.852767391960064,0.4506820174783588,34.21691093879555,8.393960933890607,275.2416169697207,0.05793997816349426,0.5607302349736214,12,0.027861579414374445,2,0.45069506063294884,7485.0,199,298.46159941480755,10.491724734369209,316.7944553630501,0.06128263646265036
1033,609.848344495822,40.75670538010232,138.09926234618302,7.005421957156707,10.440248360797593,2.654207993561531,2.3873310182019662,2.290633811036754,2.4401072468874747,10.999631466717315,44.885177636927615,0.42919920197851835,131.99394790923935,5.8491746014299135,51.53637745437164,0.07688902432084221,0.9378839808036054,11,0.05116829340431825,6,0.4292221236320615,3455.0,18,34.05778903512079,6.037631530095874,279.77622954453614,0.07708611707709022
1034,663.0914690629438,12.960071736262105,11.636416097965324,9.365794462872854,15.342101222018098,2.6907907323831277,2.577061306559123,2.345641568541742,2.496669868801312,12.616313939965266,137.8278555026996,0.4465323346991572,36.467345752355754,1.9235122446036592,135.3435297574176,0.03918710961339484,0.7919877318428212,19,0.05412599822537711,9,0.4465542738834664,2230.0,19,40.87466084861294,8.388490705520704,331.3198785730605,0.03895631668592189
1035,431.961666557231,18.43750289409079,118.40945771628827,9.547608314802389,9.848023536995914,2.675993422521966,2.257770927843696,2.3293053227805385,2.414914940734564,11.000051434100868,334.4968163574763,0.3495206050295966,49.90416185746597,4.503540569557207,221.29227774234892,0.09299234999969143,0.5212872096387033,9,0.027624963028689737,5,0.3495415557527359,4496.0,96,155.60790223097206,9.131297422590919,213.1630953366257,0.08980534787836204
1036,422.92035070744686,36.29279837450065,74.50258955304761,2.3298621311727086,5.586784212678097,2.6541672305649118,2.3627400994557317,2.5396736185937963,2.537316384635379,11.080457846760059,9.299604568742986,0.41509240013891424,149.0175199313184,3.1889226076185255,264.9591150282499,0.08033365365158039,0.6945905403918248,5,0.020763087843833187,2,0.4150842945874002,1763.0,46,92.58661041739106,9.473707933210198,206.25859696309288,0.07687356182385059
1037,432.81669798511,16.444583974317222,91.35460813542007,5.637642237346025,10.848763668341649,2.6436601726177584,2.5096371474043244,2.659262787625278,2.429120365793605,26.323612830119565,4.591439622300966,0.4112447572448037,88.98547848606268,5.232605559237833,100.94241135533062,0.03381284950134407,0.9108789333744783,6,0.02052647145814848,3,0.41123927832002366,4139.0,36,63.93171091153689,9.89828951024151,215.27496290051948,0.03461243526876697
1038,434.36476425882495,11.718264968329768,59.05924039870419,5.05780692691181,10.473178073837145,2.6590027049890694,2.3030470177605067,2.2734561262948834,2.4682240064771825,16.647775158326425,2.518608921132806,0.32683577634712624,32.0426950114928,1.183083046309716,57.297557534257734,0.09450087951245822,0.9122503070368685,11,0.017272996154983733,2,0.3268263827270039,1743.0,9,13.02627987425558,4.744438767420067,235.825056059295,0.08878000951995625
1039,624.263011035972,21.67403290749644,83.08416263560933,8.094725041102913,12.877918333165393,2.633208365983543,2.41026803333502,2.26779854632782,2.579734613432017,39.51943377362691,6.967774358021905,0.34054498233970076,66.1965012377495,12.278590642362078,182.1342091719157,0.06995700747756817,0.7795877951220396,18,0.030286897367642708,3,0.34055013309671694,5735.0,95,133.4995990585711,10.231711888279127,344.49346362689414,0.06373916825979123
1040,610.5665903600147,35.191494393537006,106.74947310528684,7.458814257906858,4.524541901360562,2.6588243568039513,2.2985458977891593,2.645373993639015,2.448563555846096,11.576293341272006,1.3077842230306451,0.42913195938956417,82.71682990427956,2.4464052853873093,66.40585380592223,0.06617119921081502,0.7277227339937908,12,0.032061520260278024,2,0.42916296953564037,1708.0,9,9.441981721107897,3.5889380259805206,296.33866258696645,0.06386480245140283
1041,635.5093899249124,19.08635732738722,132.5782782807507,5.546342407219801,12.280301857470246,2.6727056889391974,2.4831527340411643,2.3116869019451816,2.4442192804609792,48.129954776446475,16.839901716397552,0.20438284575722243,32.24580772477211,5.405070025037201,99.8651390215966,0.0541330573564852,0.6270981134843981,8,0.009997042295178941,6,0.2043774031351671,3355.0,40,76.06869050127793,11.017359878195078,333.79748736260854,0.05312864244933683
1042,445.09296863891666,18.203826511490032,86.400549351293,7.976735138271756,4.138324972396921,2.6231658970789056,2.5446874394228063,2.6478205214376818,2.372572388583742,25.35400145983534,353.2661317519583,0.3868155766180111,141.39410719218665,10.629409066891498,166.64023765791268,0.07525644919558896,0.6523851965603067,15,0.04992605737947353,3,0.3868086364980775,6392.0,116,150.964732306069,10.626396862171866,229.2491756439249,0.07181087803203733
1043,378.5643086898428,11.785276586530626,59.732225507206486,8.927028998787883,3.4187421295710294,2.6204592363924593,2.5153853560450887,2.4525387222535198,2.436485824598551,16.673771904894892,5.6450722692315205,0.26461020144769865,71.54752344237981,1.5863844302370111,150.5928848995001,0.09160034246957482,0.7909116809363246,20,0.060810411120970125,5,0.2645962732919255,1352.0,20,27.34399273361457,5.5927153428383765,194.11096829079065,0.08514367216664574
1044,324.32966915973736,39.81466851118488,4.809004906531145,9.395804830101527,14.249547335448167,2.644481956855791,2.337959369326032,2.4858190053752454,2.4444141223105214,42.58422323286726,247.07423339238377,0.36100619683248636,53.17169623379903,2.619225723043504,103.53073602789775,0.06777819975056333,0.9976757188047103,16,0.03921916592724046,6,0.36101745045844424,2341.0,23,36.54114818251597,8.24528091483956,157.40051047742742,0.06557159743681609
1045,616.966570114919,16.268829781407902,107.91454514630459,6.473605834058547,13.827367181504686,2.6350938749584576,2.4661569882074983,2.2090852920305064,2.5398221073095586,53.52308402662998,53.664996171007694,0.2803950362701783,87.82712981669114,1.4602479987048984,59.68618960277714,0.081456373904936,0.8527174466542244,7,0.01816030760130139,7,0.2803904170363798,1221.0,7,2.7437606114043183,0.7696697188318976,319.30296410241203,0.0791239866031788
1046,350.7696389981849,37.022646678923685,98.24562977024604,5.747923062035185,6.309206456723005,2.6262294227219187,2.383882436577736,2.3684506617456647,2.4768513129112257,71.23441472015895,8.88379122037213,0.15720368755522424,57.03365770739443,13.814313230741822,73.54194651925386,0.08235246048100224,0.9757321408155959,7,0.011771665187814256,5,0.1572315882874889,2658.0,22,46.83717998558833,8.891735089647899,187.25683949834325,0.08244323995415885
1047,513.6771176633126,19.819302122951314,49.38273611324085,6.5705633125146115,14.3214638791633,2.676702814775368,2.518446626471004,2.6449606111235275,2.3569132243997752,24.24601264192814,955.3544965195662,0.4475045524598076,67.95188218892248,4.676601958155758,118.46471873425463,0.08090125997430926,0.6235222886354153,11,0.014788524105294291,2,0.4475007394262053,4846.0,52,83.42629181159593,8.54915028919369,258.0570925405315,0.07723880980849383
1048,574.8741356361722,12.100445943798967,141.2265811268606,3.74592993428653,13.19138690711249,2.6096922074688926,2.5320849140816937,2.6448651369389826,2.4090775436048752,93.43748829045195,137.08522144954642,0.25791219864674253,93.37032570872778,12.243732505397386,129.4721174698757,0.05339660530389807,0.6919858551865888,11,0.0246081041112097,2,0.25791186039633246,4360.0,52,96.34166845659146,6.93346860813634,304.88958193045556,0.05327168416977564
1049,410.3610238058083,24.118246966665183,116.65608794374339,7.83700864461779,8.22101062585499,2.663552201679656,2.3359747126845076,2.6145609776704357,2.4612951684920774,26.281093764858987,80.14423232514046,0.165549508710155,47.05507789516368,8.056002391986409,81.08411674566085,0.06942664256338328,0.934025101414331,12,0.035433303756285124,4,0.16557231588287488,2797.0,29,52.615671994489325,11.305026070083972,224.21066309346952,0.06461824158057015
