seed,g_n_per_1e4km2,g_amp_median,g_amp_p90,g_width_median_km,g_residual_sd,m_n_per_1e4km2,m_amp_median,m_amp_p90,m_width_median_km,m_residual_sd,m200_n_per_1e4km2,m200_width_median_km
1000,3.9627501486031305,6.75126045276155,13.193591162789168,17.810105715155068,4.766739587750529,8.821676118462507,376.4461351482071,2136.8034395726604,7.933882095277983,528.5927822655713,10.081915563957152,7.4410651787459665
1001,3.3022917905026086,18.16356526349706,25.86213577426564,32.05470811910906,8.711180608207568,8.821676118462507,1028.614638199639,3254.9075516066846,13.80977720648772,710.5585367732142,5.671077504725897,16.698486766680407
1002,0.6604583581005218,27.169267519330763,27.169267519330763,93.32862222026665,9.929341404465063,8.821676118462507,230.05778572758751,1231.424295528271,10.91314706313915,363.26508199988524,9.45179584120983,9.507891862878783
1003,1.9813750743015652,17.992923291121222,18.396583672168067,57.28122124032024,7.526067351370101,6.931316950220542,534.9944471360521,3922.533317673996,13.81976597885342,734.0683879680604,10.081915563957152,8.238082636315841
1004,1.3209167162010436,18.4177733839918,27.662005085816293,51.67534449914511,13.442333000922556,6.30119722747322,2086.5661523010613,4004.3535440901205,16.920535193297308,724.7814114954748,8.821676118462507,12.058872992943336
1005,1.3209167162010436,16.854244885188635,19.889617609662135,62.096040039698906,8.024349783540309,7.561436672967864,427.11837095784153,4129.328767984662,14.706963038476108,914.9509751842421,7.561436672967864,11.97914271595639
1006,0.6604583581005218,36.06920356672491,36.06920356672491,90.81174225423521,11.670503049680534,11.342155009451794,409.1313803916672,3246.210139150219,10.93446326387879,732.7801645571056,9.45179584120983,8.291859587312052
1007,1.3209167162010436,13.022694571020793,18.3154703820177,48.68713646983735,7.496056474042596,11.342155009451794,259.9931456352458,2171.8243985268064,8.845381698458791,586.0571098914461,10.081915563957152,7.34988274863587
1008,3.3022917905026086,4.427025282024193,22.799751101824157,6.863662517577698,12.820513107991946,7.561436672967864,1071.642797645276,3812.648963390014,10.310894672783327,935.1240349460951,9.45179584120983,5.170882945826411
1009,2.641833432402087,15.711490225622992,19.64714875568536,41.23010183617124,8.594862815488515,7.561436672967864,2245.5923149340942,4554.590098873573,14.799228291362365,905.0223636646843,11.342155009451794,7.386933473177077
1010,3.3022917905026086,9.737446011680793,31.895047769735513,5.170882945826411,16.99473358402017,8.821676118462507,962.192752091539,2577.310878163607,11.562314673356774,700.0658165662429,6.931316950220542,10.704744696916627
1011,0.6604583581005218,17.294271105456644,17.294271105456644,97.64229468307727,8.89877559310018,13.232514177693762,271.07186659906904,1478.6108680570385,7.399277020331919,735.9795111819632,10.081915563957152,6.994156984777999
1012,1.9813750743015652,14.9374928935722,26.259151353423842,44.29517059947829,9.169336033346738,7.561436672967864,350.1773116724281,3393.8064519704653,8.703201369045335,724.7514494481621,4.410838059231254,15.635280380893438
1013,1.9813750743015652,30.36359235474512,33.793728297600936,40.1011414426137,13.328082615822847,3.15059861373661,299.0621220481255,2615.291185539767,11.11324596323283,658.144394771889,6.30119722747322,12.046749520917672
1014,3.3022917905026086,14.402617749441735,33.80817588733273,30.277590264241923,13.984589037266215,9.45179584120983,575.2159749951968,3353.5571501862414,15.67594437773643,758.8857243931166,9.45179584120983,11.507254783503184
1015,1.3209167162010436,25.132002138099942,31.453101473481897,66.93663430911704,12.173361807739516,10.081915563957152,731.7194250196858,2092.390308917911,15.602779769649134,420.73653029310185,10.081915563957152,10.211058187767161
1016,3.3022917905026086,3.9708136889162966,24.437625887153523,6.383076486422923,12.32058322184662,6.931316950220542,425.05095759918936,2400.196560752001,12.257335203001883,622.5919252164712,10.712035286704474,8.291859587312052
1017,3.3022917905026086,23.991210457981275,26.72069988594301,32.897623212397704,11.847958881095733,8.821676118462507,300.8870023892463,3301.778873491826,9.514575674045979,763.2751353472958,6.30119722747322,14.116945403535446
1018,3.3022917905026086,7.485262531500084,12.500776389661603,25.507359866510456,4.606251906204639,6.30119722747322,746.2119912709907,3088.477663063244,12.834531778928,563.6278413358302,10.081915563957152,7.685485926751424
1019,2.641833432402087,29.74358687148726,37.42160670818241,45.96164223884567,14.239477325702204,9.45179584120983,246.66363708640404,2939.4375709182436,9.574614729634384,548.6974165121504,10.081915563957152,8.061396013388565
1020,1.9813750743015652,12.623603377159718,13.284662113336953,60.85929539219616,7.098915728341699,4.410838059231254,2751.4714591635093,3683.022757530173,26.414679072721462,882.7327103937059,8.821676118462507,10.845694434718823
1021,3.3022917905026086,6.984607460137908,14.470002504108892,14.798554040663838,7.5597097605709545,9.45179584120983,1330.0266886281888,2396.5388086495213,12.565098628628435,838.3034461247427,9.45179584120983,10.464157913908982
1022,3.9627501486031305,8.171348759304475,18.146119365500365,26.13237366975596,7.200560316694801,8.821676118462507,500.552304353699,3987.7118824517224,11.023921443250622,706.6552052488296,10.081915563957152,5.349394668683889
1023,3.9627501486031305,10.00288054354829,30.96477500039252,18.53629189243309,13.01856687721427,6.30119722747322,374.5752092712165,3044.442985558819,10.841055684742326,769.8614110959618,6.30119722747322,13.784154345639585
1024,3.9627501486031305,5.712410408484756,13.664832632821984,17.047849373347134,6.318941319146966,8.191556395715185,385.46285173214295,3306.96187160114,10.464157913908982,748.3757892658879,9.45179584120983,7.312732791431452
1025,0.6604583581005218,20.007510317002346,20.007510317002346,91.9265514332354,7.852724417942709,7.561436672967864,288.5370617697638,3084.99530130479,9.193768876870966,692.3669432126507,8.821676118462507,7.131469768954808
1026,2.641833432402087,21.870749740104173,26.07763876197806,43.778691774308605,13.384084292878931,3.780718336483932,979.6006118524235,3368.9647669250926,15.76721219818424,598.302030240331,7.561436672967864,10.673926483360255
1027,3.9627501486031305,16.6492784935096,37.12115003722376,24.402486123494473,14.855059462441037,6.30119722747322,980.8306568333779,3442.396462020228,12.662432046799609,775.1702702169613,8.821676118462507,8.039150175501117
1028,2.641833432402087,29.051454709438893,38.56357626167632,34.80854418319888,10.447610616656895,8.821676118462507,1145.3202984135914,3378.164001690954,11.192739265087116,597.9876316846226,10.081915563957152,9.06442055302196
1029,1.3209167162010436,19.329872226012466,20.132712252335317,61.928098262048465,8.438461021564471,10.081915563957152,1239.657133328023,3295.173255986519,13.817419026577276,660.9733319446341,9.45179584120983,13.061933202803933
1030,3.3022917905026086,9.615607700621815,13.492012113986133,22.623931952327283,6.726064973003229,10.081915563957152,483.4659272732447,1681.046235147197,11.47201249476671,367.2511174397406,11.972274732199118,10.998079684646791
1031,0.6604583581005218,36.906673718194476,36.906673718194476,93.23990353626333,14.502895337242865,9.45179584120983,1118.4613596033091,3326.444850053493,16.07692842495848,724.4253347363838,8.821676118462507,15.409696570779246
1032,3.9627501486031305,12.847336908709858,22.9085945449033,16.07099357078165,10.73221337898378,8.821676118462507,760.2837906476597,3704.4637628215473,10.052516871855659,694.4762687109131,8.191556395715185,10.585134856802455
1033,1.9813750743015652,18.303202512714783,30.74492910408095,60.502592432999045,13.201140633491976,11.972274732199118,446.18062981834515,3018.971193202577,10.280023453913834,644.58698903789,9.45179584120983,9.0270333367641
1034,1.3209167162010436,21.99620380439324,27.6576183142116,59.2219285014354,9.953062963379159,9.45179584120983,267.7715636748736,3612.036724001038,6.180387232371033,859.5246738515594,6.30119722747322,16.800971495836333
1035,2.641833432402087,11.617173670315342,15.139792396866211,41.57399799205888,7.316911435292532,7.561436672967864,894.6703046358111,3107.661064444073,18.45492186131868,714.4339973073053,11.342155009451794,9.997414191963653
1036,1.9813750743015652,22.79362139685697,25.963301826185177,55.908881962751,11.996424520721094,10.081915563957152,390.2005958717166,2606.3626090111316,11.22949649609318,420.31329878544307,6.931316950220542,8.884866446580956
1037,1.9813750743015652,8.466617954768337,13.908346114449072,29.467768315727287,6.9859325303276325,6.931316950220542,1683.2256328151525,3948.18683165102,10.585134856802455,976.7177785623378,6.931316950220542,10.155412503859614
1038,3.9627501486031305,9.00444837926408,22.61724170190577,15.801597401893254,9.781903193020849,10.712035286704474,855.0801446074217,3523.533219673207,12.047792665040703,752.4639352912263,11.972274732199118,7.898654169668588
1039,1.9813750743015652,21.93422987798736,38.285552169206085,48.13830046250071,13.8279083376339,8.191556395715185,1815.4961318261196,2962.5039387428196,13.773623058786647,631.3000879767446,7.561436672967864,14.817416472404837
1040,1.3209167162010436,8.049170488742094,12.346115747954974,46.222784468195755,5.344661824003659,6.30119722747322,783.7194824375788,1869.2690626170274,17.528374656798015,345.9435496662612,9.45179584120983,9.0270333367641
1041,0.6604583581005218,29.49255598116479,29.49255598116479,94.33276831596777,11.645209509415354,8.821676118462507,284.6254711645698,2621.9284013201113,10.910868266581748,573.5028755263565,8.191556395715185,6.383076486422923
1042,3.9627501486031305,24.616709838629223,29.619953412484193,31.25578139773844,12.259671285099921,13.232514177693762,208.45545861488864,1308.429937289443,9.09728368293446,498.6301143208288,8.821676118462507,8.506150305139844
1043,1.3209167162010436,20.280617839495026,27.45928507178013,59.66770030370604,11.945341314735508,10.712035286704474,463.21993939536407,3369.4858222581497,9.304852983362556,819.4090379840111,10.081915563957152,6.832603934695072
1044,1.3209167162010436,27.630953719005745,28.612500266890777,66.98363919888331,14.926123219949647,10.081915563957152,190.8720284576135,2536.077372988745,5.467231631939395,668.6072577166011,7.561436672967864,8.404102023606638
1045,0.6604583581005218,23.080981151731514,23.080981151731514,91.37084707295026,9.199407092025934,6.30119722747322,1061.715240770465,3111.45635918283,12.406129277173699,796.9267208912847,5.040957781978576,14.784772256564013
1046,1.9813750743015652,26.43687978614997,37.30574951729307,42.084156243491584,14.58147607931566,6.30119722747322,504.3016209867793,3749.787943499372,7.719938163536861,609.695160147438,8.191556395715185,10.940041919714261
1047,1.9813750743015652,4.879474256623297,33.905124729817025,6.076507779746499,13.116858327560102,11.972274732199118,285.0643416014499,1953.0376466810367,12.100518486599809,466.88529309738556,8.821676118462507,11.445176664244565
1048,1.3209167162010436,16.27753833068184,23.99781962537459,48.30638981797241,8.556763163191587,9.45179584120983,566.7728748681632,3037.6200318935253,7.225151993843567,603.6460463609806,8.191556395715185,12.047792665040703
1049,3.3022917905026086,27.26487741397041,36.74977023374137,32.7618823667344,15.296628245866744,6.30119722747322,393.48407668322375,3293.6476581635548,9.058888003735053,593.429762217565,6.30119722747322,10.246677326680238
1050,4.623208506703652,3.8411802029588933,9.703812817204911,4.652426491681278,5.527152159084539,6.30119722747322,514.1903188153752,2738.1721494653266,11.201210802111367,574.6396800217957,10.712035286704474,9.23618154310838
1051,1.9813750743015652,4.333483000305711,12.692688643055627,6.6755811781245455,6.193704217939978,12.60239445494644,170.83673819660524,974.3986492352685,8.802232707496191,446.0753950837373,9.45179584120983,6.579524642479541
1052,2.641833432402087,14.652983081441697,15.931009785548307,47.678115261948825,9.210589652388471,11.342155009451794,458.26806532672435,3661.0427256526127,7.567527424113484,762.3023870129094,8.191556395715185,8.058239062071396
1053,1.3209167162010436,24.372094741087,24.52488928294266,58.27609750354007,9.86924992726461,8.821676118462507,260.6672258497214,3345.526073226456,11.103425205836071,817.4010675731703,8.821676118462507,10.869958138305648
1054,3.3022917905026086,5.024460104455725,21.35186603957289,9.09728368293446,8.711284164542187,5.671077504725897,1095.4667374985706,4188.417614589549,13.680870333281758,979.3445687098613,6.30119722747322,6.746560011901243
1055,2.641833432402087,15.64578373789492,17.16961325205968,38.068845986546236,9.222580331514813,10.712035286704474,374.8547022122218,3304.3451616906777,9.706684619910241,613.6433899193474,11.972274732199118,6.4820448144285745
1056,1.3209167162010436,36.259823769796846,36.84825104271679,63.56600152308001,16.651904396613656,12.60239445494644,412.46401534635083,1542.4307853457976,9.97715583340478,457.66510252998586,11.972274732199118,7.817640190446719
1057,3.3022917905026086,21.884422895283944,25.962806294393577,40.4016471984804,10.379721982353287,6.931316950220542,423.54757970530216,2734.404758462812,11.283791670955125,452.16671333569803,5.671077504725897,19.738573927438622
1058,1.3209167162010436,16.448451533786827,24.825114478176857,47.84910315520781,11.439894760682648,9.45179584120983,377.4564935634446,3425.389740993225,9.09728368293446,786.707331670276,6.30119722747322,8.479552214315635
1059,1.3209167162010436,14.438481922854903,21.857869855542244,57.788497890392186,12.122803586168642,7.561436672967864,1559.1318370168833,3871.13911536793,9.201588615791731,991.2104704955065,6.931316950220542,8.667244841319219
1060,0.6604583581005218,36.4699144186542,36.4699144186542,97.9482514881172,12.511958881764999,8.821676118462507,482.2331998049551,3622.0578519726137,6.863662517577698,822.7188413821384,6.30119722747322,7.319033081380533
1061,5.283666864804174,5.502645457008889,11.68467598769898,13.73298285422936,5.942345480400576,8.821676118462507,680.0863354405694,3257.5078419634024,13.744856397753157,692.6703468450715,5.671077504725897,15.09668435477122
1062,2.641833432402087,21.884863067359127,29.170212627798982,40.97922436187639,12.372789724836286,9.45179584120983,247.51105207264538,1589.2014727316262,7.48482063701911,332.3094876426188,8.821676118462507,7.7967179328637854
1063,2.641833432402087,20.866684050246548,29.061063101681924,43.69018848856824,12.374125734247565,10.081915563957152,575.9070254462076,3494.1143948550457,9.233865387795198,786.4304564054121,10.712035286704474,6.6755811781245455
1064,3.3022917905026086,25.314906770848353,29.971116449145274,31.372187811504013,12.860212638695996,10.081915563957152,858.084695762769,3150.584774803364,14.231546785624971,555.5311163559435,12.60239445494644,9.473634147616526
1065,2.641833432402087,20.521909310322368,24.637507461220856,38.06304945313754,9.442580440645528,9.45179584120983,313.9635218722579,2605.717309204553,7.653039857325812,554.9785340878694,5.671077504725897,8.368283871884005
1066,3.9627501486031305,4.291693237165018,27.983265779864993,4.472582817481527,8.61493743452289,8.821676118462507,371.1774654459905,3110.176264144271,8.327966891018134,820.8041815034928,6.931316950220542,5.046265044040321
1067,0.6604583581005218,36.55825157970776,36.55825157970776,97.28303827500693,14.319411103223747,5.040957781978576,2558.7739113294547,3724.1597070838366,18.988696309229706,852.1711829392012,4.410838059231254,17.000746355818674
1068,2.641833432402087,6.165190345746517,26.67710249636312,10.433245809399674,10.90436246880345,11.342155009451794,120.53785591726722,996.8255544988518,4.9110281684399055,410.4347249161421,5.040957781978576,12.152902660992233
1069,3.3022917905026086,4.070285119528557,14.238518640467838,7.569397566060481,7.702188618605813,3.780718336483932,2737.9783370597806,3465.391181322985,33.10042268306815,778.9491860788821,5.040957781978576,20.330018175192166
1070,2.641833432402087,19.153245163307652,21.755903735468706,44.6775144463105,9.665368430015947,6.30119722747322,735.9805920849342,3287.0822760268898,13.076291544973962,742.5692207071073,6.931316950220542,11.780624362746345
1071,1.3209167162010436,22.92012691457718,27.15208565640605,58.52369075438676,11.834297426996516,11.342155009451794,373.10204018894126,2024.8837700945319,11.169208451795463,415.9041836262468,10.712035286704474,9.09728368293446
1072,2.641833432402087,6.101887743704881,20.983941609783408,9.6295632206169,11.999007209789747,11.342155009451794,523.5248889825888,3591.108379285787,6.815688758213296,865.9347120822341,9.45179584120983,9.706684619910241
1073,3.9627501486031305,10.925452355247216,20.363282384891512,30.937025635847547,6.936367046889682,6.931316950220542,1533.9559225055707,4227.083360972383,16.351767622932517,786.4086658927375,6.931316950220542,13.159049284959082
1074,2.641833432402087,13.233854014052783,29.266024618285407,16.731701186059475,15.869580420587527,7.561436672967864,189.9126516155655,3859.068304961534,9.130542482762664,612.4099788140785,6.931316950220542,10.704744696916627
1075,3.3022917905026086,15.67605894913341,21.31329940221949,30.045412914740087,8.453416234537796,5.040957781978576,627.740777041831,2778.517638927451,10.62514962121373,803.6726918002107,7.561436672967864,8.477555888983394
1076,3.3022917905026086,8.24479148317009,16.821485457449896,24.64417299969047,6.951354406717498,7.561436672967864,1818.5387911714247,3497.671155591593,14.055512297099146,633.3896829736602,7.561436672967864,15.26682788088944
1077,1.3209167162010436,17.5632561626646,19.357116316697695,68.85823506529056,9.08645197394164,5.671077504725897,543.376556082361,3467.233276513457,9.706684619910241,784.216275335774,4.410838059231254,18.982275710779543
1078,1.3209167162010436,13.03044196891911,21.02533394091634,48.8175390530014,9.960361180688517,7.561436672967864,1059.2586121943207,2930.2247679280044,12.525644295628988,549.7077212695928,11.342155009451794,11.451662876964601
1079,3.9627501486031305,10.540087943432347,15.87744942051079,21.193359321398155,6.193797730880829,6.931316950220542,371.41234375276747,1453.3474491927568,12.766152972845846,501.35237800379736,6.931316950220542,9.23618154310838
1080,3.3022917905026086,7.338599530247637,36.14953653870174,15.957691216057308,12.846574662276117,8.821676118462507,956.0683382370142,3580.258702601195,13.988313969555998,833.4501123757917,8.191556395715185,10.764051215546116
1081,2.641833432402087,23.931548278449142,39.85067771334397,41.117865602332145,15.898191465164713,5.671077504725897,1102.9950222126404,3369.8042153046717,19.544100476116796,754.6356460312749,6.30119722747322,11.723316444719405
1082,2.641833432402087,26.708014662539384,39.93243624233943,43.07673131500114,13.982341969900425,3.780718336483932,2841.458028283776,3068.092298002196,32.14262089647402,795.4820227885904,6.30119722747322,20.85374101283714
1083,3.3022917905026086,5.608794256162374,23.274635114432805,14.406180819073164,7.970566827468697,6.30119722747322,483.2766265915037,2711.4718161044384,11.781589156637613,490.37235186484514,6.931316950220542,7.312732791431452
1084,3.3022917905026086,10.799154122020479,19.751761202781225,14.093451279891855,10.521824603534595,8.191556395715185,201.6176612692612,1278.4534201908214,6.770275002573076,671.6977149881585,6.30119722747322,6.767660490390794
1085,1.3209167162010436,17.163960413958563,27.443460376675745,50.123106022376646,12.584498791699524,5.040957781978576,1318.3424998798246,2702.0698750212614,19.300629822847917,624.2698458083854,6.931316950220542,16.07692842495848
1086,1.9813750743015652,4.319885575858087,24.946541597491663,10.764051215546116,10.378103161419961,6.30119722747322,517.427490149511,1090.855346716727,13.56352997767086,569.2841735102061,7.561436672967864,9.841209269868457
1087,1.9813750743015652,11.890679043393613,16.059654912736892,51.758052534101225,7.378549672041045,8.191556395715185,208.26406766258341,3743.8983751766445,10.823032759612019,777.9011108737051,7.561436672967864,13.881354545852737
1088,1.9813750743015652,3.3015055870123082,17.196117761601673,6.6755811781245455,9.784439336503949,8.821676118462507,607.8402698939342,3732.748055159885,9.591222920311857,919.2859335618876,8.821676118462507,10.670469110347165
1089,2.641833432402087,25.627345286356384,33.23862981440552,36.92094306850697,12.986787885513063,7.561436672967864,451.12356175679145,3125.323160710957,14.593501235461122,627.8954613672151,6.931316950220542,9.640875829802336
1090,1.3209167162010436,24.37042924659503,32.26248739667959,59.099835586204506,13.93074324221188,8.191556395715185,367.607081063539,3051.9113637659734,9.304852983362556,670.5499519138249,8.191556395715185,7.136496464611085
1091,1.3209167162010436,12.363382389145652,19.561965461388635,48.33134290160574,10.646837702575155,9.45179584120983,407.08828881561067,3482.903866523172,5.527906391541368,843.522799684078,6.931316950220542,8.51907589177983
1092,1.3209167162010436,16.30052825610986,26.897987017299556,49.809293421516045,13.006546528235141,12.60239445494644,163.5264714641603,2445.5680386490594,11.31165096297734,580.2488558269143,7.561436672967864,9.354401880928734
1093,3.3022917905026086,9.18848100235106,19.801822995484375,23.480049464818542,8.509820446075668,8.191556395715185,382.62961067344537,3067.2967177324617,12.766152972845846,805.7359596382746,5.671077504725897,21.616635097022034
1094,1.9813750743015652,14.978203120467207,15.56969892397197,46.24978308224886,5.717420144895734,8.821676118462507,389.8416700659589,3415.8791904340605,8.759788658296355,882.0648627149176,8.191556395715185,9.440697438826296
1095,1.3209167162010436,25.61373268657467,38.99661796799684,50.90306875735189,14.789056262649119,8.191556395715185,1726.1280978949235,2968.17378791175,9.965574970333758,840.9837152516847,8.191556395715185,9.507891862878783
1096,2.641833432402087,18.22253409150718,31.678361124176988,37.07968516440425,10.580020966902689,8.191556395715185,239.94480351318185,936.191019853509,9.706684619910241,359.42253485123297,6.30119722747322,8.288657476925612
1097,3.3022917905026086,3.4919526022871654,12.799263466604891,12.100518486599809,5.2842216530134305,10.712035286704474,528.3253366644973,3236.919218726571,7.046725639945928,639.3384598818102,11.342155009451794,9.069459861807623
1098,2.641833432402087,12.518006419246458,16.162444416041478,31.78724913285724,7.4436333056702155,11.342155009451794,296.6464024036009,3258.568028338171,6.423391391159788,817.214095329563,9.45179584120983,5.970821321441846
1099,1.9813750743015652,27.898067285320078,29.419917192559275,51.38773020654568,11.689862424563898,7.561436672967864,501.1239854196059,3635.4299513785386,11.470118885270693,576.4181340609365,10.081915563957152,5.410236909971298
