tag,texture_km,domain_share,variant,n,seconds,g_n_per_1e4km2_q,g_n_per_1e4km2,g_n_per_1e4km2_med,g_amp_median_q,g_amp_median,g_amp_median_med,g_amp_p90_q,g_amp_p90,g_amp_p90_med,g_width_median_km_q,g_width_median_km,g_width_median_km_med,g_residual_sd_q,g_residual_sd,g_residual_sd_med,m_n_per_1e4km2_q,m_n_per_1e4km2,m_n_per_1e4km2_med,m_amp_median_q,m_amp_median,m_amp_median_med,m_amp_p90_q,m_amp_p90,m_amp_p90_med,m_width_median_km_q,m_width_median_km,m_width_median_km_med,m_residual_sd_q,m_residual_sd,m_residual_sd_med,m200_n_per_1e4km2_q,m200_n_per_1e4km2,m200_n_per_1e4km2_med,m200_width_median_km_q,m200_width_median_km,m200_width_median_km_med
tex4_share0.8_uniform,4,0.8,uniform,100,65,0.38,PASS,2.64,0.59,PASS,15.58,0.38,PASS,23.76,0.32,PASS,37.72,0.23,PASS,10.0,0.0,FAIL,19.22,0.26,PASS,435.69,0.31,PASS,2871.89,0.97,WARN,5.7,0.05,PASS,719.96,0.01,WARN,18.59,0.82,PASS,5.63
tex6_share0.8_uniform,6,0.8,uniform,100,63,0.375,PASS,2.64,0.59,PASS,16.19,0.35,PASS,24.03,0.37,PASS,37.03,0.21,PASS,10.25,0.17,PASS,11.97,0.19,PASS,435.35,0.23,PASS,3131.95,0.43,PASS,7.98,0.07,PASS,716.05,0.385,PASS,11.97,0.255,PASS,7.4
tex8_share0.8_uniform,8,0.8,uniform,100,64,0.39,PASS,2.64,0.58,PASS,16.29,0.35,PASS,24.73,0.32,PASS,41.05,0.21,PASS,10.41,0.7,PASS,8.82,0.14,PASS,492.01,0.2,PASS,3241.56,0.15,PASS,11.06,0.09,PASS,697.27,0.89,PASS,8.19,0.065,PASS,9.49
tex12_share0.8_uniform,12,0.8,uniform,100,66,0.42,PASS,1.98,0.6,PASS,16.22,0.33,PASS,24.82,0.24,PASS,40.41,0.19,PASS,10.59,0.99,WARN,5.04,0.11,PASS,824.37,0.29,PASS,2940.59,0.06,PASS,16.14,0.12,PASS,662.22,1.0,FAIL,5.04,0.02,WARN,13.45
tex4_share0.9_uniform,4,0.9,uniform,100,64,0.485,PASS,1.98,0.52,PASS,17.64,0.33,PASS,25.0,0.25,PASS,47.17,0.18,PASS,10.31,0.135,PASS,13.23,0.42,PASS,301.92,0.49,PASS,2452.04,0.915,PASS,5.57,0.12,PASS,663.12,0.245,PASS,12.6,0.775,PASS,5.5
tex6_share0.9_uniform,6,0.9,uniform,100,46,0.465,PASS,1.98,0.51,PASS,17.84,0.33,PASS,25.51,0.24,PASS,44.8,0.17,PASS,10.46,0.595,PASS,8.82,0.34,PASS,374.69,0.33,PASS,2704.78,0.45,PASS,8.11,0.13,PASS,657.24,0.855,PASS,8.82,0.27,PASS,7.64
tex8_share0.9_uniform,8,0.9,uniform,100,47,0.47,PASS,1.98,0.53,PASS,17.14,0.34,PASS,25.27,0.22,PASS,44.28,0.18,PASS,10.59,0.935,PASS,6.3,0.2,PASS,461.26,0.3,PASS,2819.81,0.175,PASS,11.91,0.14,PASS,646.09,0.97,WARN,6.3,0.12,PASS,10.92
tex4_share0.8_quiet,4,0.8,quiet,100,47,0.42,PASS,1.98,0.51,PASS,17.89,0.31,PASS,26.59,0.27,PASS,40.14,0.23,PASS,10.1,0.045,WARN,14.81,0.03,WARN,687.15,0.02,WARN,3581.58,0.83,PASS,6.33,0.0,FAIL,819.73,0.06,PASS,15.12,0.525,PASS,6.41
tex6_share0.8_quiet,6,0.8,quiet,100,47,0.365,PASS,2.31,0.5,PASS,17.99,0.28,PASS,27.47,0.3,PASS,38.56,0.21,PASS,10.27,0.43,PASS,10.08,0.02,WARN,766.8,0.05,PASS,3798.23,0.305,PASS,8.67,0.0,FAIL,827.04,0.57,PASS,10.08,0.155,PASS,8.29
tex12_share0.9_uniform,12,0.9,uniform,100,47,0.495,PASS,1.98,0.5,PASS,17.81,0.34,PASS,25.85,0.19,PASS,46.01,0.16,PASS,10.76,1.0,FAIL,4.73,0.12,PASS,734.96,0.38,PASS,2704.13,0.04,WARN,18.71,0.15,PASS,614.47,1.0,FAIL,4.41,0.06,PASS,15.63
