rank,east_of_OD_km,north_of_OD_km,peak_nT,half_width_km,grav_resid_mgal,on_grav_anomaly,nearest_pick,pick_km,first_hole_within_5km
1,-9.70276801076904,-18.334493387686088,4863.647062205628,5.641895835477563,10.471656410000891,True,Appendicitis Dam,4.101304162343825,ACD 8 (1982)
2,-3.7027680107690393,32.66550661231391,2843.890709006437,2.763953195770684,9.08709569329815,True,Olympic Dam,32.87469867817344,BD1 (1976)
3,5.29723198923096,-21.334493387686088,1948.1120514304912,2.256758334191025,-3.3682806696568965,False,Appendicitis Dam,18.940609661039808,WRD1 (1979)
4,19.297231989230962,8.665506612313912,1915.3718299848356,10.645107772184812,3.39855332863643,True,Bills Lookout,12.655031056736814,SGD1 (1980)
5,75.29723198923097,-10.334493387686088,1835.6953284312517,8.95623198216277,14.641155085666348,True,Andamooka Island,31.15946395104918,
6,73.29723198923097,-34.33449338768609,1609.3303844916013,5.046265044040321,12.009122948971285,True,Andamooka Island,7.5550075693192325,TD 2 (1981)
7,0.2972319892309606,0.6655066123139113,1415.3565813489367,12.205286835384658,4.641478039273953,True,Olympic Dam,0.7288661787020526,RD16 (1978)
8,23.297231989230962,-4.334493387686089,1270.0984751583867,19.899183360445615,-2.4761171230774264,False,Bills Lookout,13.451520960222286,OFD1 (1982)
9,37.29723198923096,0.6655066123139113,1178.9805849511995,21.498510523728477,13.942349442178067,True,Bills Lookout,7.846068113906329,BLD2 (1979)
10,19.297231989230962,-19.334493387686088,1162.0223606377772,21.675455981530703,-5.069284940257562,False,Olympic Dam,27.316767689546946,WRD3 (1980)
11,33.29723198923096,-60.33449338768609,1149.1756639530265,2.256758334191025,,False,Andamooka Island,41.244839170761935,AD1 (1976)
12,98.29723198923097,-37.33449338768609,627.6643249983694,16.46815177937675,5.580885310316155,True,Lake Torrens,27.16869792941433,
13,14.29723198923096,-54.33449338768609,615.9120355713534,5.4115163798060095,-3.7454586357606696,False,Appendicitis Dam,44.45976098464968,HWD1 (1980)
14,51.29723198923096,22.665506612313912,556.0818440028557,55.60059005637418,9.842437296125508,True,Bills Lookout,25.614921594655137,
15,-36.70276801076904,-6.334493387686089,535.81966755298,6.180387232371033,2.108028215443487,True,Appendicitis Dam,26.711404268768998,
16,-11.70276801076904,-37.33449338768609,465.6526846418604,5.292567428401227,-4.581536282217144,False,Appendicitis Dam,17.73929235697734,HHD1 (1980)
17,3.2972319892309607,-36.33449338768609,357.61386384480915,7.48482063701911,-2.0881766034463345,False,Appendicitis Dam,23.69566167926917,
18,74.29723198923097,45.66550661231391,332.3196321016974,12.964089628857149,-12.689083418689641,False,Bills Lookout,58.089390187902765,
