field,statistic,observed,sim_p05,sim_median,sim_p95,sim_min,sim_max,quantile,status
gravity,n_per_1e4km2,1.9813750743015652,0.6604583581005218,2.641833432402087,3.9627501486031305,0.6604583581005218,5.283666864804174,0.33,PASS
gravity,amp_median,18.058798673809747,3.9909412380324367,14.493193598621165,29.948165798011075,2.684895515509316,36.42450279278306,0.64,PASS
gravity,amp_p90,20.612623657988735,12.56235488143025,23.750087039980627,38.176135301642425,10.638726352233576,44.62765751960136,0.37,PASS
gravity,width_median_km,27.868909599918855,7.486504793413394,33.6861118257143,90.92835627468824,4.145218595386486,98.0132254597654,0.3975,PASS
gravity,residual_sd,7.526712272119679,5.600611658637224,10.155821544277522,15.109183333005156,4.344294247300904,16.489236714097334,0.23,PASS
magnetics,n_per_1e4km2,9.45179584120983,7.561436672967864,11.972274732199118,17.013232514177695,5.671077504725897,20.163831127914303,0.1625,PASS
magnetics,amp_median,263.2879224851016,157.24216706153342,420.7170744974734,1328.516257917942,110.32928804991818,2568.4701733808142,0.195,PASS
magnetics,amp_p90,2440.6125567763625,1331.4536386567997,3131.892991787296,4007.921234429991,885.3033048035372,4484.85182127855,0.265,PASS
magnetics,width_median_km,7.817640190446719,5.4115163798060095,7.855056484395517,12.135500888029915,4.370193722368317,21.824408713736176,0.4875,PASS
magnetics,residual_sd,440.4057667422121,422.9899154110385,722.4316136406625,941.6099025118483,343.3611774360498,1024.3152413918956,0.08,PASS
