row,material,property,value,unit,source,printed_page,table,status_t0,note
1,"Berea sandstone, Mississippian","density, dry",2.23-2.54,g/cm3,"Dobrin, M.B. 1960, Introduction to Geophysical Prospecting, 2nd ed., McGraw-Hill",250,Table 12-1,pre-t0,
2,"Berea sandstone, Mississippian","density, water saturated",2.40-2.59,g/cm3,"Dobrin, M.B. 1960, Introduction to Geophysical Prospecting, 2nd ed., McGraw-Hill",250,Table 12-1,pre-t0,
3,"Domengine sandstone, Eocene","density, dry",2.56-2.63,g/cm3,"Dobrin, M.B. 1960, Introduction to Geophysical Prospecting, 2nd ed., McGraw-Hill",250,Table 12-1,pre-t0,
4,"Domengine sandstone, Eocene","density, water saturated",2.67-2.73,g/cm3,"Dobrin, M.B. 1960, Introduction to Geophysical Prospecting, 2nd ed., McGraw-Hill",250,Table 12-1,pre-t0,
5,"Dakota sandstone, Cretaceous","density, dry",1.65-1.76,g/cm3,"Dobrin, M.B. 1960, Introduction to Geophysical Prospecting, 2nd ed., McGraw-Hill",250,Table 12-1,pre-t0,
6,"Dakota sandstone, Cretaceous","density, water saturated",2.03-2.10,g/cm3,"Dobrin, M.B. 1960, Introduction to Geophysical Prospecting, 2nd ed., McGraw-Hill",250,Table 12-1,pre-t0,
7,"St. Peter sandstone, Ordovician","density, dry",2.28-2.55,g/cm3,"Dobrin, M.B. 1960, Introduction to Geophysical Prospecting, 2nd ed., McGraw-Hill",250,Table 12-1,pre-t0,
8,"St. Peter sandstone, Ordovician","density, water saturated",2.42-2.59,g/cm3,"Dobrin, M.B. 1960, Introduction to Geophysical Prospecting, 2nd ed., McGraw-Hill",250,Table 12-1,pre-t0,
9,"Hamilton shale, Devonian","density, dry",2.32,g/cm3,"Dobrin, M.B. 1960, Introduction to Geophysical Prospecting, 2nd ed., McGraw-Hill",250,Table 12-1,pre-t0,
10,"Hamilton shale, Devonian","density, water saturated",2.43-2.44,g/cm3,"Dobrin, M.B. 1960, Introduction to Geophysical Prospecting, 2nd ed., McGraw-Hill",250,Table 12-1,pre-t0,
11,"Nonesuch shale, pre-Cambrian (White Pine host)","density, dry",2.80,g/cm3,"Dobrin, M.B. 1960, Introduction to Geophysical Prospecting, 2nd ed., McGraw-Hill",250,Table 12-1,pre-t0,
12,"Carlyle shale, Cretaceous","density, dry",2.00,g/cm3,"Dobrin, M.B. 1960, Introduction to Geophysical Prospecting, 2nd ed., McGraw-Hill",250,Table 12-1,pre-t0,
13,"Carlyle shale, Cretaceous","density, water saturated",2.24,g/cm3,"Dobrin, M.B. 1960, Introduction to Geophysical Prospecting, 2nd ed., McGraw-Hill",250,Table 12-1,pre-t0,
14,"Bearpaw shale, Cretaceous","density, dry",1.57,g/cm3,"Dobrin, M.B. 1960, Introduction to Geophysical Prospecting, 2nd ed., McGraw-Hill",250,Table 12-1,pre-t0,
15,"Bearpaw shale, Cretaceous","density, water saturated",1.98,g/cm3,"Dobrin, M.B. 1960, Introduction to Geophysical Prospecting, 2nd ed., McGraw-Hill",250,Table 12-1,pre-t0,
16,"Greenhorn limestone, Cretaceous","density, dry",1.74,g/cm3,"Dobrin, M.B. 1960, Introduction to Geophysical Prospecting, 2nd ed., McGraw-Hill",250,Table 12-1,pre-t0,
17,"Greenhorn limestone, Cretaceous","density, water saturated",2.12,g/cm3,"Dobrin, M.B. 1960, Introduction to Geophysical Prospecting, 2nd ed., McGraw-Hill",250,Table 12-1,pre-t0,
18,Oolitic limestone,"density, dry",2.16,g/cm3,"Dobrin, M.B. 1960, Introduction to Geophysical Prospecting, 2nd ed., McGraw-Hill",250,Table 12-1,pre-t0,
19,Oolitic limestone,"density, water saturated",2.36,g/cm3,"Dobrin, M.B. 1960, Introduction to Geophysical Prospecting, 2nd ed., McGraw-Hill",250,Table 12-1,pre-t0,
20,Dolomite,"density, dry",2.54,g/cm3,"Dobrin, M.B. 1960, Introduction to Geophysical Prospecting, 2nd ed., McGraw-Hill",250,Table 12-1,pre-t0,
21,Dolomite,"density, water saturated",2.63,g/cm3,"Dobrin, M.B. 1960, Introduction to Geophysical Prospecting, 2nd ed., McGraw-Hill",250,Table 12-1,pre-t0,
22,Chert,"density, dry",2.29,g/cm3,"Dobrin, M.B. 1960, Introduction to Geophysical Prospecting, 2nd ed., McGraw-Hill",250,Table 12-1,pre-t0,
23,Chert,"density, water saturated",2.40,g/cm3,"Dobrin, M.B. 1960, Introduction to Geophysical Prospecting, 2nd ed., McGraw-Hill",250,Table 12-1,pre-t0,
24,Anhydrite,"density, dry",2.9,g/cm3,"Dobrin, M.B. 1960, Introduction to Geophysical Prospecting, 2nd ed., McGraw-Hill",250,Table 12-1,pre-t0,
25,Gypsum,"density, dry",2.2,g/cm3,"Dobrin, M.B. 1960, Introduction to Geophysical Prospecting, 2nd ed., McGraw-Hill",250,Table 12-1,pre-t0,
26,Rock salt,"density, dry",2.2,g/cm3,"Dobrin, M.B. 1960, Introduction to Geophysical Prospecting, 2nd ed., McGraw-Hill",250,Table 12-1,pre-t0,
27,Granite,density range,2.516-2.809,g/cm3,"Dobrin, M.B. 1960, Introduction to Geophysical Prospecting, 2nd ed., McGraw-Hill",251,Table 12-1 (continued),pre-t0,155 samples; Birch 1942 Handbook of Physical Constants
28,Granodiorite,density range,2.668-2.785,g/cm3,"Dobrin, M.B. 1960, Introduction to Geophysical Prospecting, 2nd ed., McGraw-Hill",251,Table 12-1 (continued),pre-t0,11 samples; Birch 1942 Handbook of Physical Constants
29,Syenite,density range,2.630-2.899,g/cm3,"Dobrin, M.B. 1960, Introduction to Geophysical Prospecting, 2nd ed., McGraw-Hill",251,Table 12-1 (continued),pre-t0,24 samples; Birch 1942 Handbook of Physical Constants
30,Diorite,density range,2.721-2.960,g/cm3,"Dobrin, M.B. 1960, Introduction to Geophysical Prospecting, 2nd ed., McGraw-Hill",251,Table 12-1 (continued),pre-t0,13 samples; Birch 1942 Handbook of Physical Constants
31,Norite,density range,2.720-3.020,g/cm3,"Dobrin, M.B. 1960, Introduction to Geophysical Prospecting, 2nd ed., McGraw-Hill",251,Table 12-1 (continued),pre-t0,11 samples; Birch 1942 Handbook of Physical Constants
32,Gabbro,density range,2.850-3.120,g/cm3,"Dobrin, M.B. 1960, Introduction to Geophysical Prospecting, 2nd ed., McGraw-Hill",251,Table 12-1 (continued),pre-t0,27 samples; Birch 1942 Handbook of Physical Constants
33,Diabase,density range,2.804-3.110,g/cm3,"Dobrin, M.B. 1960, Introduction to Geophysical Prospecting, 2nd ed., McGraw-Hill",251,Table 12-1 (continued),pre-t0,40 samples; Birch 1942 Handbook of Physical Constants
34,Peridotite,density range,3.152-3.276,g/cm3,"Dobrin, M.B. 1960, Introduction to Geophysical Prospecting, 2nd ed., McGraw-Hill",251,Table 12-1 (continued),pre-t0,3 samples; Birch 1942 Handbook of Physical Constants
35,Sandstone,"density, laboratory average",2.32,g/cm3,"Dobrin, M.B. 1960, Introduction to Geophysical Prospecting, 2nd ed., McGraw-Hill",251,Fig. 12-5,pre-t0,617 samples; range 1.61-2.76; Magnolia Petroleum Co.
36,Shale,"density, laboratory average",2.42,g/cm3,"Dobrin, M.B. 1960, Introduction to Geophysical Prospecting, 2nd ed., McGraw-Hill",251,Fig. 12-5,pre-t0,322 samples; range 1.77-2.45; Magnolia Petroleum Co.
37,Limestone,"density, laboratory average",2.54,g/cm3,"Dobrin, M.B. 1960, Introduction to Geophysical Prospecting, 2nd ed., McGraw-Hill",251,Fig. 12-5,pre-t0,487 samples; range 1.93-2.90; Magnolia Petroleum Co.
38,Acidic igneous,"density, laboratory average",2.61,g/cm3,"Dobrin, M.B. 1960, Introduction to Geophysical Prospecting, 2nd ed., McGraw-Hill",251,Fig. 12-5,pre-t0,105 samples; range 2.30-3.11; Magnolia Petroleum Co.
39,Dolomite,"density, laboratory average",2.70,g/cm3,"Dobrin, M.B. 1960, Introduction to Geophysical Prospecting, 2nd ed., McGraw-Hill",251,Fig. 12-5,pre-t0,120 samples; range 2.36-2.90; Magnolia Petroleum Co.
40,Metamorphic,"density, laboratory average",2.74,g/cm3,"Dobrin, M.B. 1960, Introduction to Geophysical Prospecting, 2nd ed., McGraw-Hill",251,Fig. 12-5,pre-t0,114 samples; range 2.40-3.10; Magnolia Petroleum Co.
41,Basic igneous,"density, laboratory average",2.79,g/cm3,"Dobrin, M.B. 1960, Introduction to Geophysical Prospecting, 2nd ed., McGraw-Hill",251,Fig. 12-5,pre-t0,83 samples; range 2.09-3.17; Magnolia Petroleum Co.
42,sedimentary rocks,"density contrast, typical upper bound",0.25,g/cm3,"Dobrin, M.B. 1960, Introduction to Geophysical Prospecting, 2nd ed., McGraw-Hill",250,text (sec. 12-2),pre-t0,"quote: contrasts are almost always small, seldom exceeding 0.25 g/cm3"
43,Magnetite,"susceptibility, measured","300,000-800,000",k x 1e-6 cgs,"Dobrin, M.B. 1960, Introduction to Geophysical Prospecting, 2nd ed., McGraw-Hill",269,Table 13-1,pre-t0,at H = 0.6 oersted
44,Pyrrhotite,"susceptibility, measured","125,000",k x 1e-6 cgs,"Dobrin, M.B. 1960, Introduction to Geophysical Prospecting, 2nd ed., McGraw-Hill",269,Table 13-1,pre-t0,at H = 0.5 oersted
45,Ilmenite,"susceptibility, measured","135,000",k x 1e-6 cgs,"Dobrin, M.B. 1960, Introduction to Geophysical Prospecting, 2nd ed., McGraw-Hill",269,Table 13-1,pre-t0,at H = 1 oersted
46,Franklinite,"susceptibility, measured","36,000",k x 1e-6 cgs,"Dobrin, M.B. 1960, Introduction to Geophysical Prospecting, 2nd ed., McGraw-Hill",269,Table 13-1,pre-t0,
47,Dolomite,"susceptibility, measured",14,k x 1e-6 cgs,"Dobrin, M.B. 1960, Introduction to Geophysical Prospecting, 2nd ed., McGraw-Hill",269,Table 13-1,pre-t0,at H = 0.5 oersted
48,Sandstone,"susceptibility, measured",16.8,k x 1e-6 cgs,"Dobrin, M.B. 1960, Introduction to Geophysical Prospecting, 2nd ed., McGraw-Hill",269,Table 13-1,pre-t0,at H = 1 oersted
49,Serpentine,"susceptibility, measured","14,000",k x 1e-6 cgs,"Dobrin, M.B. 1960, Introduction to Geophysical Prospecting, 2nd ed., McGraw-Hill",269,Table 13-1,pre-t0,at H = 30.5 oersted
50,Granite,"susceptibility, measured","28-2,700",k x 1e-6 cgs,"Dobrin, M.B. 1960, Introduction to Geophysical Prospecting, 2nd ed., McGraw-Hill",269,Table 13-1,pre-t0,at H = 1 oersted
51,Diorite,"susceptibility, measured",46.8,k x 1e-6 cgs,"Dobrin, M.B. 1960, Introduction to Geophysical Prospecting, 2nd ed., McGraw-Hill",269,Table 13-1,pre-t0,at H = 1 oersted
52,Gabbro,"susceptibility, measured","68.1-2,370",k x 1e-6 cgs,"Dobrin, M.B. 1960, Introduction to Geophysical Prospecting, 2nd ed., McGraw-Hill",269,Table 13-1,pre-t0,at H = 1 oersted
53,Porphyry,"susceptibility, measured",47,k x 1e-6 cgs,"Dobrin, M.B. 1960, Introduction to Geophysical Prospecting, 2nd ed., McGraw-Hill",269,Table 13-1,pre-t0,at H = 1 oersted
54,Diabase,"susceptibility, measured","78-1,050",k x 1e-6 cgs,"Dobrin, M.B. 1960, Introduction to Geophysical Prospecting, 2nd ed., McGraw-Hill",269,Table 13-1,pre-t0,at H = 1 oersted
55,Basalt,"susceptibility, measured",680,k x 1e-6 cgs,"Dobrin, M.B. 1960, Introduction to Geophysical Prospecting, 2nd ed., McGraw-Hill",269,Table 13-1,pre-t0,at H = 1 oersted
56,Olivine-diabase,"susceptibility, measured","2,000",k x 1e-6 cgs,"Dobrin, M.B. 1960, Introduction to Geophysical Prospecting, 2nd ed., McGraw-Hill",269,Table 13-1,pre-t0,at H = 0.5 oersted
57,Peridotite,"susceptibility, measured","12,500",k x 1e-6 cgs,"Dobrin, M.B. 1960, Introduction to Geophysical Prospecting, 2nd ed., McGraw-Hill",269,Table 13-1,pre-t0,at H = 0.5-1.0 oersted
58,Basalts,"susceptibility, calculated from magnetite","0-26,000 (avg 14,300)",k x 1e-6 cgs,"Dobrin, M.B. 1960, Introduction to Geophysical Prospecting, 2nd ed., McGraw-Hill",269,Table 13-2,pre-t0,Slichter method on Stearn magnetite data; minimum for basalts is 0 per cent magnetite
59,Diabases,"susceptibility, calculated from magnetite","6,900-19,000 (avg 13,100)",k x 1e-6 cgs,"Dobrin, M.B. 1960, Introduction to Geophysical Prospecting, 2nd ed., McGraw-Hill",269,Table 13-2,pre-t0,Slichter method on Stearn magnetite data; minimum for basalts is 0 per cent magnetite
60,Gabbros,"susceptibility, calculated from magnetite","3,000-12,000 (avg 7,200)",k x 1e-6 cgs,"Dobrin, M.B. 1960, Introduction to Geophysical Prospecting, 2nd ed., McGraw-Hill",269,Table 13-2,pre-t0,Slichter method on Stearn magnetite data; minimum for basalts is 0 per cent magnetite
61,Andesites,"susceptibility, calculated from magnetite","7,800-17,000 (avg 13,500)",k x 1e-6 cgs,"Dobrin, M.B. 1960, Introduction to Geophysical Prospecting, 2nd ed., McGraw-Hill",269,Table 13-2,pre-t0,Slichter method on Stearn magnetite data; minimum for basalts is 0 per cent magnetite
62,Granites,"susceptibility, calculated from magnetite","600-5,700 (avg 2,700)",k x 1e-6 cgs,"Dobrin, M.B. 1960, Introduction to Geophysical Prospecting, 2nd ed., McGraw-Hill",269,Table 13-2,pre-t0,Slichter method on Stearn magnetite data; minimum for basalts is 0 per cent magnetite
63,Dolomite,"susceptibility, laboratory average",8,k x 1e-6 cgs,"Dobrin, M.B. 1960, Introduction to Geophysical Prospecting, 2nd ed., McGraw-Hill",270,Fig. 13-5,pre-t0,66 samples; range 0-75; Magnolia Petroleum Co.
64,Limestone,"susceptibility, laboratory average",23,k x 1e-6 cgs,"Dobrin, M.B. 1960, Introduction to Geophysical Prospecting, 2nd ed., McGraw-Hill",270,Fig. 13-5,pre-t0,66 samples; range 2-280; Magnolia Petroleum Co.
65,Sandstone,"susceptibility, laboratory average",32,k x 1e-6 cgs,"Dobrin, M.B. 1960, Introduction to Geophysical Prospecting, 2nd ed., McGraw-Hill",270,Fig. 13-5,pre-t0,230 samples; range 0-1665; Magnolia Petroleum Co.
66,Shale,"susceptibility, laboratory average",52,k x 1e-6 cgs,"Dobrin, M.B. 1960, Introduction to Geophysical Prospecting, 2nd ed., McGraw-Hill",270,Fig. 13-5,pre-t0,137 samples; range 5-1478; Magnolia Petroleum Co.
67,Metamorphic,"susceptibility, laboratory average",349,k x 1e-6 cgs,"Dobrin, M.B. 1960, Introduction to Geophysical Prospecting, 2nd ed., McGraw-Hill",270,Fig. 13-5,pre-t0,61 samples; range 0-5824; Magnolia Petroleum Co.
68,Acid igneous,"susceptibility, laboratory average",647,k x 1e-6 cgs,"Dobrin, M.B. 1960, Introduction to Geophysical Prospecting, 2nd ed., McGraw-Hill",270,Fig. 13-5,pre-t0,58 samples; range 3-6527; Magnolia Petroleum Co.
69,Basic igneous,"susceptibility, laboratory average",2596,k x 1e-6 cgs,"Dobrin, M.B. 1960, Introduction to Geophysical Prospecting, 2nd ed., McGraw-Hill",270,Fig. 13-5,pre-t0,78 samples; range 44-9711; Magnolia Petroleum Co.
70,Galena,resistivity,0.5-5.0,ohm-cm,"Dobrin, M.B. 1960, Introduction to Geophysical Prospecting, 2nd ed., McGraw-Hill",341,Table 17-1,pre-t0,d-c
71,Pyrite,resistivity,0.1,ohm-cm,"Dobrin, M.B. 1960, Introduction to Geophysical Prospecting, 2nd ed., McGraw-Hill",341,Table 17-1,pre-t0,d-c
72,Magnetite,resistivity,0.6-1.0,ohm-cm,"Dobrin, M.B. 1960, Introduction to Geophysical Prospecting, 2nd ed., McGraw-Hill",341,Table 17-1,pre-t0,d-c
73,Graphite,resistivity,0.03,ohm-cm,"Dobrin, M.B. 1960, Introduction to Geophysical Prospecting, 2nd ed., McGraw-Hill",341,Table 17-1,pre-t0,d-c
74,Rock salt (impure),resistivity,3e3-5e5,ohm-cm,"Dobrin, M.B. 1960, Introduction to Geophysical Prospecting, 2nd ed., McGraw-Hill",341,Table 17-1,pre-t0,d-c
75,Serpentine,resistivity,2e4,ohm-cm,"Dobrin, M.B. 1960, Introduction to Geophysical Prospecting, 2nd ed., McGraw-Hill",341,Table 17-1,pre-t0,d-c
76,Siderite,resistivity,7e3,ohm-cm,"Dobrin, M.B. 1960, Introduction to Geophysical Prospecting, 2nd ed., McGraw-Hill",341,Table 17-1,pre-t0,d-c
77,Granite,resistivity,1e8,ohm-cm,"Dobrin, M.B. 1960, Introduction to Geophysical Prospecting, 2nd ed., McGraw-Hill",341,Table 17-1,pre-t0,d-c
78,Granite,resistivity,5e5,ohm-cm,"Dobrin, M.B. 1960, Introduction to Geophysical Prospecting, 2nd ed., McGraw-Hill",341,Table 17-1,pre-t0,measured at 16 cps
79,Diorite,resistivity,1e6,ohm-cm,"Dobrin, M.B. 1960, Introduction to Geophysical Prospecting, 2nd ed., McGraw-Hill",341,Table 17-1,pre-t0,d-c
80,Gabbro,resistivity,1e7-1.4e9,ohm-cm,"Dobrin, M.B. 1960, Introduction to Geophysical Prospecting, 2nd ed., McGraw-Hill",341,Table 17-1,pre-t0,d-c
81,Diabase,resistivity,3.1e5,ohm-cm,"Dobrin, M.B. 1960, Introduction to Geophysical Prospecting, 2nd ed., McGraw-Hill",341,Table 17-1,pre-t0,d-c
82,Chattanooga shale,resistivity,2e3-1.4e5,ohm-cm,"Dobrin, M.B. 1960, Introduction to Geophysical Prospecting, 2nd ed., McGraw-Hill",341,Table 17-1,pre-t0,measured at 50 cps
83,Michigan shale,resistivity,2e5,ohm-cm,"Dobrin, M.B. 1960, Introduction to Geophysical Prospecting, 2nd ed., McGraw-Hill",341,Table 17-1,pre-t0,measured at 60 cps
84,Calumet and Hecla conglomerates,resistivity,2e5-1.3e6,ohm-cm,"Dobrin, M.B. 1960, Introduction to Geophysical Prospecting, 2nd ed., McGraw-Hill",341,Table 17-1,pre-t0,measured at 60 cps
85,Muschelkalk sandstone,resistivity,7e3,ohm-cm,"Dobrin, M.B. 1960, Introduction to Geophysical Prospecting, 2nd ed., McGraw-Hill",341,Table 17-1,pre-t0,measured at 16 cps
86,Ferruginous sandstone,resistivity,7e5,ohm-cm,"Dobrin, M.B. 1960, Introduction to Geophysical Prospecting, 2nd ed., McGraw-Hill",341,Table 17-1,pre-t0,d-c
87,Muschelkalk limestone,resistivity,1.8e4,ohm-cm,"Dobrin, M.B. 1960, Introduction to Geophysical Prospecting, 2nd ed., McGraw-Hill",341,Table 17-1,pre-t0,measured at 16 cps
88,Marl,resistivity,7e3,ohm-cm,"Dobrin, M.B. 1960, Introduction to Geophysical Prospecting, 2nd ed., McGraw-Hill",341,Table 17-1,pre-t0,d-c
89,Glacial till,resistivity,5e4,ohm-cm,"Dobrin, M.B. 1960, Introduction to Geophysical Prospecting, 2nd ed., McGraw-Hill",341,Table 17-1,pre-t0,d-c
90,Oil sand,resistivity,4e2-2.2e4,ohm-cm,"Dobrin, M.B. 1960, Introduction to Geophysical Prospecting, 2nd ed., McGraw-Hill",341,Table 17-1,pre-t0,d-c
91,"Sand, dry",density,1.40-1.65,g/cm3,"Parasnis, D.S. 1973, Mining Geophysics, 2nd revised and updated ed., Elsevier (Methods in Geochemistry and Geophysics 3); printing 1973 confirmed by Peng, title page of this copy reads 1975",251,Table V,pre-t0,pure form; footnote: the density of an ore depends on the relative amounts of gangue and ore minerals
92,"Sand, wet",density,1.95-2.05,g/cm3,"Parasnis, D.S. 1973, Mining Geophysics, 2nd revised and updated ed., Elsevier (Methods in Geochemistry and Geophysics 3); printing 1973 confirmed by Peng, title page of this copy reads 1975",251,Table V,pre-t0,pure form; footnote: the density of an ore depends on the relative amounts of gangue and ore minerals
93,Coal,density,1.20-1.50,g/cm3,"Parasnis, D.S. 1973, Mining Geophysics, 2nd revised and updated ed., Elsevier (Methods in Geochemistry and Geophysics 3); printing 1973 confirmed by Peng, title page of this copy reads 1975",251,Table V,pre-t0,pure form; footnote: the density of an ore depends on the relative amounts of gangue and ore minerals
94,English chalk,density,1.94,g/cm3,"Parasnis, D.S. 1973, Mining Geophysics, 2nd revised and updated ed., Elsevier (Methods in Geochemistry and Geophysics 3); printing 1973 confirmed by Peng, title page of this copy reads 1975",251,Table V,pre-t0,pure form; footnote: the density of an ore depends on the relative amounts of gangue and ore minerals
95,Rock salt,density,2.10-2.40,g/cm3,"Parasnis, D.S. 1973, Mining Geophysics, 2nd revised and updated ed., Elsevier (Methods in Geochemistry and Geophysics 3); printing 1973 confirmed by Peng, title page of this copy reads 1975",251,Table V,pre-t0,pure form; footnote: the density of an ore depends on the relative amounts of gangue and ore minerals
96,Serpentinite,density,2.50-2.55,g/cm3,"Parasnis, D.S. 1973, Mining Geophysics, 2nd revised and updated ed., Elsevier (Methods in Geochemistry and Geophysics 3); printing 1973 confirmed by Peng, title page of this copy reads 1975",251,Table V,pre-t0,pure form; footnote: the density of an ore depends on the relative amounts of gangue and ore minerals
97,Limestone,density,2.60-2.70,g/cm3,"Parasnis, D.S. 1973, Mining Geophysics, 2nd revised and updated ed., Elsevier (Methods in Geochemistry and Geophysics 3); printing 1973 confirmed by Peng, title page of this copy reads 1975",251,Table V,pre-t0,pure form; footnote: the density of an ore depends on the relative amounts of gangue and ore minerals
98,Quartzite,density,2.60-2.70,g/cm3,"Parasnis, D.S. 1973, Mining Geophysics, 2nd revised and updated ed., Elsevier (Methods in Geochemistry and Geophysics 3); printing 1973 confirmed by Peng, title page of this copy reads 1975",251,Table V,pre-t0,pure form; footnote: the density of an ore depends on the relative amounts of gangue and ore minerals
99,Gneiss,density,2.70,g/cm3,"Parasnis, D.S. 1973, Mining Geophysics, 2nd revised and updated ed., Elsevier (Methods in Geochemistry and Geophysics 3); printing 1973 confirmed by Peng, title page of this copy reads 1975",251,Table V,pre-t0,pure form; footnote: the density of an ore depends on the relative amounts of gangue and ore minerals
100,Granite,density,2.50-2.70,g/cm3,"Parasnis, D.S. 1973, Mining Geophysics, 2nd revised and updated ed., Elsevier (Methods in Geochemistry and Geophysics 3); printing 1973 confirmed by Peng, title page of this copy reads 1975",251,Table V,pre-t0,pure form; footnote: the density of an ore depends on the relative amounts of gangue and ore minerals
101,Anhydrite,density,2.96,g/cm3,"Parasnis, D.S. 1973, Mining Geophysics, 2nd revised and updated ed., Elsevier (Methods in Geochemistry and Geophysics 3); printing 1973 confirmed by Peng, title page of this copy reads 1975",251,Table V,pre-t0,pure form; footnote: the density of an ore depends on the relative amounts of gangue and ore minerals
102,Diabase,density,2.50-3.20,g/cm3,"Parasnis, D.S. 1973, Mining Geophysics, 2nd revised and updated ed., Elsevier (Methods in Geochemistry and Geophysics 3); printing 1973 confirmed by Peng, title page of this copy reads 1975",251,Table V,pre-t0,pure form; footnote: the density of an ore depends on the relative amounts of gangue and ore minerals
103,Basalt,density,2.70-3.30,g/cm3,"Parasnis, D.S. 1973, Mining Geophysics, 2nd revised and updated ed., Elsevier (Methods in Geochemistry and Geophysics 3); printing 1973 confirmed by Peng, title page of this copy reads 1975",251,Table V,pre-t0,pure form; footnote: the density of an ore depends on the relative amounts of gangue and ore minerals
104,Gabbro,density,2.70-3.50,g/cm3,"Parasnis, D.S. 1973, Mining Geophysics, 2nd revised and updated ed., Elsevier (Methods in Geochemistry and Geophysics 3); printing 1973 confirmed by Peng, title page of this copy reads 1975",251,Table V,pre-t0,pure form; footnote: the density of an ore depends on the relative amounts of gangue and ore minerals
105,Zinc blende,density,4.0,g/cm3,"Parasnis, D.S. 1973, Mining Geophysics, 2nd revised and updated ed., Elsevier (Methods in Geochemistry and Geophysics 3); printing 1973 confirmed by Peng, title page of this copy reads 1975",251,Table V,pre-t0,pure form; footnote: the density of an ore depends on the relative amounts of gangue and ore minerals
106,Chalcopyrite,density,4.2,g/cm3,"Parasnis, D.S. 1973, Mining Geophysics, 2nd revised and updated ed., Elsevier (Methods in Geochemistry and Geophysics 3); printing 1973 confirmed by Peng, title page of this copy reads 1975",251,Table V,pre-t0,pure form; footnote: the density of an ore depends on the relative amounts of gangue and ore minerals
107,Chromite,density,4.5-4.8,g/cm3,"Parasnis, D.S. 1973, Mining Geophysics, 2nd revised and updated ed., Elsevier (Methods in Geochemistry and Geophysics 3); printing 1973 confirmed by Peng, title page of this copy reads 1975",251,Table V,pre-t0,pure form; footnote: the density of an ore depends on the relative amounts of gangue and ore minerals
108,Pyrrhotite,density,4.6,g/cm3,"Parasnis, D.S. 1973, Mining Geophysics, 2nd revised and updated ed., Elsevier (Methods in Geochemistry and Geophysics 3); printing 1973 confirmed by Peng, title page of this copy reads 1975",251,Table V,pre-t0,pure form; footnote: the density of an ore depends on the relative amounts of gangue and ore minerals
109,Pyrite,density,5.0,g/cm3,"Parasnis, D.S. 1973, Mining Geophysics, 2nd revised and updated ed., Elsevier (Methods in Geochemistry and Geophysics 3); printing 1973 confirmed by Peng, title page of this copy reads 1975",251,Table V,pre-t0,pure form; footnote: the density of an ore depends on the relative amounts of gangue and ore minerals
110,Haematite,density,5.1,g/cm3,"Parasnis, D.S. 1973, Mining Geophysics, 2nd revised and updated ed., Elsevier (Methods in Geochemistry and Geophysics 3); printing 1973 confirmed by Peng, title page of this copy reads 1975",251,Table V,pre-t0,pure form; footnote: the density of an ore depends on the relative amounts of gangue and ore minerals
111,Magnetite,density,5.2,g/cm3,"Parasnis, D.S. 1973, Mining Geophysics, 2nd revised and updated ed., Elsevier (Methods in Geochemistry and Geophysics 3); printing 1973 confirmed by Peng, title page of this copy reads 1975",251,Table V,pre-t0,pure form; footnote: the density of an ore depends on the relative amounts of gangue and ore minerals
112,Galena,density,7.5,g/cm3,"Parasnis, D.S. 1973, Mining Geophysics, 2nd revised and updated ed., Elsevier (Methods in Geochemistry and Geophysics 3); printing 1973 confirmed by Peng, title page of this copy reads 1975",251,Table V,pre-t0,pure form; footnote: the density of an ore depends on the relative amounts of gangue and ore minerals
113,rocks and ores generally,caution on table use,not a substitute for local measurement,text,"Parasnis, D.S. 1973, Mining Geophysics, 2nd revised and updated ed., Elsevier (Methods in Geochemistry and Geophysics 3); printing 1973 confirmed by Peng, title page of this copy reads 1975",250,text (ch. 8),pre-t0,quote: the values indicated should not be looked upon as substitutes for rock density measurements within the survey area
114,Limestone,susceptibility,500-750,k x 1e-6 (rationalised units),"Parasnis, D.S. 1973, Mining Geophysics, 2nd revised and updated ed., Elsevier (Methods in Geochemistry and Geophysics 3); printing 1973 confirmed by Peng, title page of this copy reads 1975",28,Table I,pre-t0,"Berggiesshuebel, Germany; Neumann 1932; some Fe3O4"
115,Limestone,susceptibility,"12.5-24,700",k x 1e-6 (rationalised units),"Parasnis, D.S. 1973, Mining Geophysics, 2nd revised and updated ed., Elsevier (Methods in Geochemistry and Geophysics 3); printing 1973 confirmed by Peng, title page of this copy reads 1975",28,Table I,pre-t0,"Various, Sweden; Werner 1945"
116,Diabase tuffs,susceptibility,"50,000-245,000",k x 1e-6 (rationalised units),"Parasnis, D.S. 1973, Mining Geophysics, 2nd revised and updated ed., Elsevier (Methods in Geochemistry and Geophysics 3); printing 1973 confirmed by Peng, title page of this copy reads 1975",28,Table I,pre-t0,"South Bahrtal, Germany; Neumann 1932; metamorphic"
117,Diabase tuffs,susceptibility,"1,900-2,380",k x 1e-6 (rationalised units),"Parasnis, D.S. 1973, Mining Geophysics, 2nd revised and updated ed., Elsevier (Methods in Geochemistry and Geophysics 3); printing 1973 confirmed by Peng, title page of this copy reads 1975",28,Table I,pre-t0,"North Bahrtal, Germany; Neumann 1932; metamorphic"
118,Diabase,susceptibility,"10,000-150,000",k x 1e-6 (rationalised units),"Parasnis, D.S. 1973, Mining Geophysics, 2nd revised and updated ed., Elsevier (Methods in Geochemistry and Geophysics 3); printing 1973 confirmed by Peng, title page of this copy reads 1975",28,Table I,pre-t0,Mooney and Bleifuss 1953; 0-3.4% magnetite
119,Basalt,susceptibility,"250-105,000",k x 1e-6 (rationalised units),"Parasnis, D.S. 1973, Mining Geophysics, 2nd revised and updated ed., Elsevier (Methods in Geochemistry and Geophysics 3); printing 1973 confirmed by Peng, title page of this copy reads 1975",28,Table I,pre-t0,Mooney and Bleifuss 1953; 0-2.5% magnetite; 0-0.9% ilmenite
120,Rhyolite,susceptibility,"250-9,500",k x 1e-6 (rationalised units),"Parasnis, D.S. 1973, Mining Geophysics, 2nd revised and updated ed., Elsevier (Methods in Geochemistry and Geophysics 3); printing 1973 confirmed by Peng, title page of this copy reads 1975",28,Table I,pre-t0,Mooney and Bleifuss 1953; 0-0.4% magnetite; 0-0.6% ilmenite
121,Gabbro,susceptibility,"1,000-76,000",k x 1e-6 (rationalised units),"Parasnis, D.S. 1973, Mining Geophysics, 2nd revised and updated ed., Elsevier (Methods in Geochemistry and Geophysics 3); printing 1973 confirmed by Peng, title page of this copy reads 1975",28,Table I,pre-t0,Mooney and Bleifuss 1953; 0-0.9% magnetite; 0-0.2% ilmenite
122,Granite,susceptibility,"0-49,500",k x 1e-6 (rationalised units),"Parasnis, D.S. 1973, Mining Geophysics, 2nd revised and updated ed., Elsevier (Methods in Geochemistry and Geophysics 3); printing 1973 confirmed by Peng, title page of this copy reads 1975",28,Table I,pre-t0,Mooney and Bleifuss 1953; 0-1.3% magnetite
123,Greenstone,susceptibility,"500-11,000",k x 1e-6 (rationalised units),"Parasnis, D.S. 1973, Mining Geophysics, 2nd revised and updated ed., Elsevier (Methods in Geochemistry and Geophysics 3); printing 1973 confirmed by Peng, title page of this copy reads 1975",28,Table I,pre-t0,Mooney and Bleifuss 1953; 0-0.2% magnetite
124,Slates,susceptibility,"0-1,250",k x 1e-6 (rationalised units),"Parasnis, D.S. 1973, Mining Geophysics, 2nd revised and updated ed., Elsevier (Methods in Geochemistry and Geophysics 3); printing 1973 confirmed by Peng, title page of this copy reads 1975",28,Table I,pre-t0,Mooney and Bleifuss 1953; 0-0.2% magnetite
125,Skarn,susceptibility,"500-5,300",k x 1e-6 (rationalised units),"Parasnis, D.S. 1973, Mining Geophysics, 2nd revised and updated ed., Elsevier (Methods in Geochemistry and Geophysics 3); printing 1973 confirmed by Peng, title page of this copy reads 1975",28,Table I,pre-t0,"Staellberg, Sweden; Werner 1945"
126,Granulite,susceptibility,"88-46,300",k x 1e-6 (rationalised units),"Parasnis, D.S. 1973, Mining Geophysics, 2nd revised and updated ed., Elsevier (Methods in Geochemistry and Geophysics 3); printing 1973 confirmed by Peng, title page of this copy reads 1975",28,Table I,pre-t0,"Persberg, Sweden; Werner 1945"
127,Porphyry,susceptibility,"225-210,000",k x 1e-6 (rationalised units),"Parasnis, D.S. 1973, Mining Geophysics, 2nd revised and updated ed., Elsevier (Methods in Geochemistry and Geophysics 3); printing 1973 confirmed by Peng, title page of this copy reads 1975",28,Table I,pre-t0,"Kiruna, Sweden; Werner 1945"
128,Brown iron ore,susceptibility,"1,000-1,750",k x 1e-6 (rationalised units),"Parasnis, D.S. 1973, Mining Geophysics, 2nd revised and updated ed., Elsevier (Methods in Geochemistry and Geophysics 3); printing 1973 confirmed by Peng, title page of this copy reads 1975",29,Table I (continued),pre-t0,
129,Haematite,susceptibility,"6,630",k x 1e-6 (rationalised units),"Parasnis, D.S. 1973, Mining Geophysics, 2nd revised and updated ed., Elsevier (Methods in Geochemistry and Geophysics 3); printing 1973 confirmed by Peng, title page of this copy reads 1975",29,Table I (continued),pre-t0,haematite
130,Haematite,susceptibility,"4,110-9,860",k x 1e-6 (rationalised units),"Parasnis, D.S. 1973, Mining Geophysics, 2nd revised and updated ed., Elsevier (Methods in Geochemistry and Geophysics 3); printing 1973 confirmed by Peng, title page of this copy reads 1975",29,Table I (continued),pre-t0,"rich, very low magnetisation"
131,Magnetite ore,susceptibility,"71,000-97,000",k x 1e-6 (rationalised units),"Parasnis, D.S. 1973, Mining Geophysics, 2nd revised and updated ed., Elsevier (Methods in Geochemistry and Geophysics 3); printing 1973 confirmed by Peng, title page of this copy reads 1975",29,Table I (continued),pre-t0,low magnetisation
132,Magnetite ore,susceptibility,3.0e6-6.15e6,k x 1e-6 (rationalised units),"Parasnis, D.S. 1973, Mining Geophysics, 2nd revised and updated ed., Elsevier (Methods in Geochemistry and Geophysics 3); printing 1973 confirmed by Peng, title page of this copy reads 1975",29,Table I (continued),pre-t0,31.1-63.3% magnetite
133,Magnetite ore,susceptibility,1.25e7-1.4e7,k x 1e-6 (rationalised units),"Parasnis, D.S. 1973, Mining Geophysics, 2nd revised and updated ed., Elsevier (Methods in Geochemistry and Geophysics 3); printing 1973 confirmed by Peng, title page of this copy reads 1975",29,Table I (continued),pre-t0,86.1-94.6% magnetite
134,Chromite ore,susceptibility,"7,500-1.2e6",k x 1e-6 (rationalised units),"Parasnis, D.S. 1973, Mining Geophysics, 2nd revised and updated ed., Elsevier (Methods in Geochemistry and Geophysics 3); printing 1973 confirmed by Peng, title page of this copy reads 1975",29,Table I (continued),pre-t0,26.76-58.40% Fe
135,Iron ore,susceptibility,6.5e6-1.53e6,k x 1e-6 (rationalised units),"Parasnis, D.S. 1973, Mining Geophysics, 2nd revised and updated ed., Elsevier (Methods in Geochemistry and Geophysics 3); printing 1973 confirmed by Peng, title page of this copy reads 1975",29,Table I (continued),pre-t0,"15.4-26.1% magnetite; Biwabik and Soudan, USA [check digits]"
136,Haussmannite,susceptibility,"1,650",k x 1e-6 (rationalised units),"Parasnis, D.S. 1973, Mining Geophysics, 2nd revised and updated ed., Elsevier (Methods in Geochemistry and Geophysics 3); printing 1973 confirmed by Peng, title page of this copy reads 1975",29,Table I (continued),pre-t0,Mn3O4
137,Jacobsite,susceptibility,"25,000",k x 1e-6 (rationalised units),"Parasnis, D.S. 1973, Mining Geophysics, 2nd revised and updated ed., Elsevier (Methods in Geochemistry and Geophysics 3); printing 1973 confirmed by Peng, title page of this copy reads 1975",29,Table I (continued),pre-t0,(MnFe)2O4
138,Pyrite ore,susceptibility,"5,300",k x 1e-6 (rationalised units),"Parasnis, D.S. 1973, Mining Geophysics, 2nd revised and updated ed., Elsevier (Methods in Geochemistry and Geophysics 3); printing 1973 confirmed by Peng, title page of this copy reads 1975",29,Table I (continued),pre-t0,compact
139,Pyrrhotite,susceptibility,750,k x 1e-6 (rationalised units),"Parasnis, D.S. 1973, Mining Geophysics, 2nd revised and updated ed., Elsevier (Methods in Geochemistry and Geophysics 3); printing 1973 confirmed by Peng, title page of this copy reads 1975",29,Table I (continued),pre-t0,compact
140,rocks and ores,resistivity ranges,"see Fig. 56 (graphical, log scale, ohm-m)",ohm-m,"Parasnis, D.S. 1973, Mining Geophysics, 2nd revised and updated ed., Elsevier (Methods in Geochemistry and Geophysics 3); printing 1973 confirmed by Peng, title page of this copy reads 1975",166,Fig. 56,pre-t0,"approximate ranges for wet limestone, chromite ore, moraine, clays, haematite ore, galena ore, magnetite ore, pyrite ore, graphitic shales, rock salt, marble and quartz; no tabulated numbers"
141,rock with moderate impregnation of conducting minerals,resistivity,"20,000-50,000 in situ, falling to 3,000-5,000 where impregnated",ohm-m,"Parasnis, D.S. 1973, Mining Geophysics, 2nd revised and updated ed., Elsevier (Methods in Geochemistry and Geophysics 3); printing 1973 confirmed by Peng, title page of this copy reads 1975",166,text (electrical methods),pre-t0,"the rock named in this sentence is on p. 165, which is not in the scan"
142,Igneous rocks,"density, 80 per cent fiducial limits",2.55-2.95,g/cm3,"Grant, F.S. and West, G.F. 1965, Interpretation Theory in Applied Geophysics, McGraw-Hill",199,Fig. 7-6,pre-t0,"read by eye from the bar chart; approximate. Birch 1942 data, small specimens"
143,Limestone,"density, 80 per cent fiducial limits",2.20-2.70,g/cm3,"Grant, F.S. and West, G.F. 1965, Interpretation Theory in Applied Geophysics, McGraw-Hill",199,Fig. 7-6,pre-t0,"read by eye from the bar chart; approximate. Birch 1942 data, small specimens"
144,Shale,"density, 80 per cent fiducial limits",2.10-2.60,g/cm3,"Grant, F.S. and West, G.F. 1965, Interpretation Theory in Applied Geophysics, McGraw-Hill",199,Fig. 7-6,pre-t0,"read by eye from the bar chart; approximate. Birch 1942 data, small specimens"
145,Sandstone,"density, 80 per cent fiducial limits",2.05-2.50,g/cm3,"Grant, F.S. and West, G.F. 1965, Interpretation Theory in Applied Geophysics, McGraw-Hill",199,Fig. 7-6,pre-t0,"read by eye from the bar chart; approximate. Birch 1942 data, small specimens"
146,Soil and alluvium,"density, 80 per cent fiducial limits",1.70-2.25,g/cm3,"Grant, F.S. and West, G.F. 1965, Interpretation Theory in Applied Geophysics, McGraw-Hill",199,Fig. 7-6,pre-t0,"read by eye from the bar chart; approximate. Birch 1942 data, small specimens"
147,Salt,"density, 80 per cent fiducial limits",1.90-2.15,g/cm3,"Grant, F.S. and West, G.F. 1965, Interpretation Theory in Applied Geophysics, McGraw-Hill",199,Fig. 7-6,pre-t0,"read by eye from the bar chart; approximate. Birch 1942 data, small specimens"
148,sedimentary rocks,caution on predicting a density contrast,not predictable without other geological information,text,"Grant, F.S. and West, G.F. 1965, Interpretation Theory in Applied Geophysics, McGraw-Hill",199,text (ch. 7),pre-t0,"quote: it is evidently impossible to predict with confidence the difference in average density between them, without having access to other geological information"
149,sedimentary rocks,density histograms,"see Fig. 7-5 (soil and alluvia, sandstones, shales, limestones)",g/cm3,"Grant, F.S. and West, G.F. 1965, Interpretation Theory in Applied Geophysics, McGraw-Hill",198,Fig. 7-5,pre-t0,"graphical, 1.4 to 3.0 g/cm3; no tabulated values"
150,Basic effusive,susceptibility distribution,5 / 29 / 47 / 19,per cent of samples with k < 1e-4 / 1e-4 to 1e-3 / 1e-3 to 4e-3 / > 4e-3 emu,"Grant, F.S. and West, G.F. 1965, Interpretation Theory in Applied Geophysics, McGraw-Hill",366,Table 12-2,pre-t0,97 samples; Slichter in Birch 1942
151,Basic plutonic,susceptibility distribution,24 / 27 / 28 / 21,per cent of samples with k < 1e-4 / 1e-4 to 1e-3 / 1e-3 to 4e-3 / > 4e-3 emu,"Grant, F.S. and West, G.F. 1965, Interpretation Theory in Applied Geophysics, McGraw-Hill",366,Table 12-2,pre-t0,53 samples; Slichter in Birch 1942
152,Granites and allied rocks,susceptibility distribution,60 / 23 / 16 / 1,per cent of samples with k < 1e-4 / 1e-4 to 1e-3 / 1e-3 to 4e-3 / > 4e-3 emu,"Grant, F.S. and West, G.F. 1965, Interpretation Theory in Applied Geophysics, McGraw-Hill",366,Table 12-2,pre-t0,74 samples; Slichter in Birch 1942
153,"Gneisses, schists, slates",susceptibility distribution,71 / 22 / 7 / 0,per cent of samples with k < 1e-4 / 1e-4 to 1e-3 / 1e-3 to 4e-3 / > 4e-3 emu,"Grant, F.S. and West, G.F. 1965, Interpretation Theory in Applied Geophysics, McGraw-Hill",366,Table 12-2,pre-t0,45 samples; Slichter in Birch 1942
154,Sedimentary rocks,susceptibility distribution,73 / 19 / 4 / 4,per cent of samples with k < 1e-4 / 1e-4 to 1e-3 / 1e-3 to 4e-3 / > 4e-3 emu,"Grant, F.S. and West, G.F. 1965, Interpretation Theory in Applied Geophysics, McGraw-Hill",366,Table 12-2,pre-t0,48 samples; Slichter in Birch 1942
155,Basalt,"susceptibility, mean",2.95e-3,"emu (k, cgs volume)","Grant, F.S. and West, G.F. 1965, Interpretation Theory in Applied Geophysics, McGraw-Hill",366,Table 12-3,pre-t0,"37 samples; Mooney and Bleifuss 1953, Precambrian Minnesota"
156,Diabase,"susceptibility, mean",2.59e-3,"emu (k, cgs volume)","Grant, F.S. and West, G.F. 1965, Interpretation Theory in Applied Geophysics, McGraw-Hill",366,Table 12-3,pre-t0,"19 samples; Mooney and Bleifuss 1953, Precambrian Minnesota"
157,Rhyolite,"susceptibility, mean",1.12e-3,"emu (k, cgs volume)","Grant, F.S. and West, G.F. 1965, Interpretation Theory in Applied Geophysics, McGraw-Hill",366,Table 12-3,pre-t0,"5 samples; Mooney and Bleifuss 1953, Precambrian Minnesota"
158,Gabbro,"susceptibility, mean",0.99e-3,"emu (k, cgs volume)","Grant, F.S. and West, G.F. 1965, Interpretation Theory in Applied Geophysics, McGraw-Hill",366,Table 12-3,pre-t0,"37 samples; Mooney and Bleifuss 1953, Precambrian Minnesota"
159,Granite,"susceptibility, mean",0.47e-3,"emu (k, cgs volume)","Grant, F.S. and West, G.F. 1965, Interpretation Theory in Applied Geophysics, McGraw-Hill",366,Table 12-3,pre-t0,"31 samples; Mooney and Bleifuss 1953, Precambrian Minnesota"
160,Other acid intrusives,"susceptibility, mean",0.35e-3,"emu (k, cgs volume)","Grant, F.S. and West, G.F. 1965, Interpretation Theory in Applied Geophysics, McGraw-Hill",366,Table 12-3,pre-t0,"17 samples; Mooney and Bleifuss 1953, Precambrian Minnesota"
161,Ely greenstone,"susceptibility, mean",0.09e-3,"emu (k, cgs volume)","Grant, F.S. and West, G.F. 1965, Interpretation Theory in Applied Geophysics, McGraw-Hill",366,Table 12-3,pre-t0,"15 samples; Mooney and Bleifuss 1953, Precambrian Minnesota"
162,Slates,"susceptibility, mean",0.05e-3,"emu (k, cgs volume)","Grant, F.S. and West, G.F. 1965, Interpretation Theory in Applied Geophysics, McGraw-Hill",366,Table 12-3,pre-t0,"26 samples; Mooney and Bleifuss 1953, Precambrian Minnesota"
163,rocks generally,susceptibility from magnetite content,"k = 2.89e-3 x V^1.01, V in volume per cent magnetite",emu,"Grant, F.S. and West, G.F. 1965, Interpretation Theory in Applied Geophysics, McGraw-Hill",367,eq. 12-3 and Fig. 12-6,pre-t0,Mooney and Bleifuss; data span 0.1 to 30 vol per cent magnetite and k 1e2 to 1e5 x 1e-6 cgs
164,"igneous, metamorphic, sedimentary rocks and soils",resistivity histograms,see Fig. 13-4 (1e-1 to 1e9 ohm-m),ohm-m,"Grant, F.S. and West, G.F. 1965, Interpretation Theory in Applied Geophysics, McGraw-Hill",394,Fig. 13-4,pre-t0,"graphical, from Slichter and Telkes in Birch 1942; sedimentary rocks and unconsolidated materials distinctly more conductive than igneous"
165,sedimentary rocks in situ,resistivity from well logs,"1-1,000",ohm-m,"Grant, F.S. and West, G.F. 1965, Interpretation Theory in Applied Geophysics, McGraw-Hill",394,text (ch. 13),pre-t0,"quote: logging measurements in oil wells generally reveal resistivities in the range 1 to 1,000 ohm-m, decidedly lower than sample measurements"
166,clean sandstone,formation factor exponents,"a = 0.6-1.0, m = 2.0, n = 2.0",dimensionless,"Grant, F.S. and West, G.F. 1965, Interpretation Theory in Applied Geophysics, McGraw-Hill",395,text (ch. 13),pre-t0,rho = I F rho_w with F = a P^-m and I = S^-n; m about 1.5 where clay is present
167,carbonate rocks,formation factor exponents,"a = 1.0, m = 1.8-2.6, n = 1.5-2.2",dimensionless,"Grant, F.S. and West, G.F. 1965, Interpretation Theory in Applied Geophysics, McGraw-Hill",395,text (ch. 13),pre-t0,
168,shale,conductivity anisotropy,parallel to transverse ratio up to 4,dimensionless,"Grant, F.S. and West, G.F. 1965, Interpretation Theory in Applied Geophysics, McGraw-Hill",395,text (ch. 13),pre-t0,quote: ratios of parallel to transverse conductivity as high as four are not uncommon
169,Pyrite (FeS2),conductivity,pure n.g.; natural ~100% mineralization 1e2; ~50% n.g.,mhos/m,"Grant, F.S. and West, G.F. 1965, Interpretation Theory in Applied Geophysics, McGraw-Hill",398,Table 13-1,pre-t0,geometric mean; s (log10 sd) 1.2
170,"Pyrrhotite (FeS, Fe7S8)",conductivity,pure n.g.; natural ~100% mineralization 3e4; ~50% 6e3,mhos/m,"Grant, F.S. and West, G.F. 1965, Interpretation Theory in Applied Geophysics, McGraw-Hill",398,Table 13-1,pre-t0,geometric mean; s (log10 sd) 0.3
171,Chalcopyrite (CuFeS2),conductivity,pure n.g.; natural ~100% mineralization 2e3; ~50% n.g.,mhos/m,"Grant, F.S. and West, G.F. 1965, Interpretation Theory in Applied Geophysics, McGraw-Hill",398,Table 13-1,pre-t0,geometric mean; s (log10 sd) 0.4
172,Arsenopyrite (FeAsS),conductivity,pure n.g.; natural ~100% mineralization 3e3; ~50% n.g.,mhos/m,"Grant, F.S. and West, G.F. 1965, Interpretation Theory in Applied Geophysics, McGraw-Hill",398,Table 13-1,pre-t0,geometric mean; s (log10 sd) 0.3
173,Galena (PbS),conductivity,pure 5e4; natural ~100% mineralization 10; ~50% 5,mhos/m,"Grant, F.S. and West, G.F. 1965, Interpretation Theory in Applied Geophysics, McGraw-Hill",398,Table 13-1,pre-t0,geometric mean
174,Magnetite (Fe3O4),conductivity,pure 1e4; natural ~100% mineralization 3; ~50% n.g.,mhos/m,"Grant, F.S. and West, G.F. 1965, Interpretation Theory in Applied Geophysics, McGraw-Hill",398,Table 13-1,pre-t0,geometric mean; s (log10 sd) 1
175,Graphite (C),conductivity,"pure 1e6 max, 1e2 min; natural ~100% mineralization 5e3; ~50% 100",mhos/m,"Grant, F.S. and West, G.F. 1965, Interpretation Theory in Applied Geophysics, McGraw-Hill",398,Table 13-1,pre-t0,geometric mean
176,Hematite (Fe2O3),conductivity,pure insulator; natural ~100% mineralization 0.1; ~50% n.g.,mhos/m,"Grant, F.S. and West, G.F. 1965, Interpretation Theory in Applied Geophysics, McGraw-Hill",398,Table 13-1,pre-t0,geometric mean; s (log10 sd) 0.8
177,Hematite,conductivity of specular hematite with impurities,1-100,mhos/m,"Grant, F.S. and West, G.F. 1965, Interpretation Theory in Applied Geophysics, McGraw-Hill",399,text (ch. 13),pre-t0,"quote: hematite is not normally a conductor, but impurities can induce an appreciable conductivity at least in the specular form; bears on the Olympic Dam hematite ore"
178,Roopena Volcanics against Marinoan sediments,density contrast assumed in modelling,0.3,g/cm3,"Rutter, H. and Esdale, D.J. 1985, The geophysics of the Olympic Dam discovery, Exploration Geophysics 16, 273-276",273,text,after t0 (retrospective record of pre-RD1 work),"quote: a density contrast of 0.3 gms/cc was established with a greater degree of credibility; samples from Roopena Station and Depot Creek against Whyalla Sandstone, Tregolana Shale, Corraberra Sandstone, Arcoona Quartzite, Tent Hill Formation"
179,Roopena Volcanics against Marinoan sediments,susceptibility contrast,variable with degree of alteration; no number given,text,"Rutter, H. and Esdale, D.J. 1985, The geophysics of the Olympic Dam discovery, Exploration Geophysics 16, 273-276",273,text,after t0 (retrospective record of pre-RD1 work),the only era statement on the susceptibility contrast WMC used
180,Olympic Dam gravity source,depth from simple block models at 0.3 g/cm3,"1,150 (as shallow as 850 if the body shape is adjusted)",m,"Rutter, H. and Esdale, D.J. 1985, The geophysics of the Olympic Dam discovery, Exploration Geophysics 16, 273-276",274,text,after t0 (retrospective record of pre-RD1 work),"other anomalies: Andamooka Island 1,700 m, Lake Torrens 2,700 m, Bills Lookout 2,200 m, Appendicitis Dam 4,800 m; magnetic source about 2,000 m"
181,"Roopena Volcanic, weathered","specific gravity, surface samples",2.42,g/cm3,"Risely, G.C. 1968, geophysical surveys, Roopena area (transcribed in replay_ready/prior/annexA_transcriptions/risely1968_text.txt)",11,table of specific gravities (PDF p. 14),pre-t0,station 400B
182,Roopena Volcanic,"specific gravity, surface samples",2.61-3.35,g/cm3,"Risely, G.C. 1968, geophysical surveys, Roopena area (transcribed in replay_ready/prior/annexA_transcriptions/risely1968_text.txt)",11,table of specific gravities (PDF p. 14),pre-t0,"13 surface samples; group means 2.68, 2.82, 2.87"
183,Dolerite (queried),"specific gravity, surface samples",2.75-2.80,g/cm3,"Risely, G.C. 1968, geophysical surveys, Roopena area (transcribed in replay_ready/prior/annexA_transcriptions/risely1968_text.txt)",11,table of specific gravities (PDF p. 14),pre-t0,stations 3800S and 8000S
184,Moonabie Formation quartzite,"specific gravity, surface samples",2.62-2.66,g/cm3,"Risely, G.C. 1968, geophysical surveys, Roopena area (transcribed in replay_ready/prior/annexA_transcriptions/risely1968_text.txt)",11,table of specific gravities (PDF p. 14),pre-t0,"group means 2.645, 2.63, 2.64"
185,Pandurra Formation quartzite,"specific gravity, surface samples",2.44,g/cm3,"Risely, G.C. 1968, geophysical surveys, Roopena area (transcribed in replay_ready/prior/annexA_transcriptions/risely1968_text.txt)",11,table of specific gravities (PDF p. 14),pre-t0,station 4950N; the cover unit at Mount Gunson and Olympic Dam
186,Gabbro,"specific gravity, surface samples",3.07,g/cm3,"Risely, G.C. 1968, geophysical surveys, Roopena area (transcribed in replay_ready/prior/annexA_transcriptions/risely1968_text.txt)",11,table of specific gravities (PDF p. 14),pre-t0,station 2500S
187,Gawler Range granophyre and porphyry,"specific gravity, surface samples",2.57-2.62,g/cm3,"Risely, G.C. 1968, geophysical surveys, Roopena area (transcribed in replay_ready/prior/annexA_transcriptions/risely1968_text.txt)",11,table of specific gravities (PDF p. 14),pre-t0,mean 2.60
188,Roopena Volcanics against Pandurra quartzite,"density contrast, derived from the 1968 samples",about 0.35 (2.8 vs 2.44),g/cm3,"Risely, G.C. 1968, geophysical surveys, Roopena area (transcribed in replay_ready/prior/annexA_transcriptions/risely1968_text.txt)",11,derived,pre-t0,computed here from the table; against Moonabie quartzite the contrast is about 0.18
189,"surface rocks, Roopena survey",Bouguer reduction density,2.67,g/cm3,"Risely, G.C. 1968, geophysical surveys, Roopena area (transcribed in replay_ready/prior/annexA_transcriptions/risely1968_text.txt)",,text,pre-t0,quote: a surface density of 2.67 grams/cc was used
190,Mount Gunson district rocks,Bouguer reduction density,2.59,g/cm3,"Milton, B.E., Hussin, J.J. and Taylor, B.J. 1966, Report of exploratory geophysical surveys at Mount Gunson - Pernatty Lagoon (S.M.L. 96), SADME Rept. Bk. 63/75",,text (gravity),pre-t0,elevation correction 0.06 mGal/foot; latitude correction 0.022 mGal/100 feet; no topographic correction
191,Mount Gunson Main Workings,residual gravity contrast over the ore,0.3,mGal,"Milton, B.E., Hussin, J.J. and Taylor, B.J. 1966, Report of exploratory geophysical surveys at Mount Gunson - Pernatty Lagoon (S.M.L. 96), SADME Rept. Bk. 63/75",,"text (results, gravity)",pre-t0,"quote: a total contrast of only 0.3 milligals, strongly influenced by overburden thickness and by deviations from the assumed density; the results would not be of value as an exploration method in this area"
192,sandstone,resistivity range quoted from the era literature,30 to about 500 (OCR uncertain),ohm-m,"Milton, B.E., Hussin, J.J. and Taylor, B.J. 1966, Report of exploratory geophysical surveys at Mount Gunson - Pernatty Lagoon (S.M.L. 96), SADME Rept. Bk. 63/75",,"text (methods, resistivity)",pre-t0,the OCR of this sentence is damaged; re-read the page image before using the numbers. Rock range quoted as 1e-6 ohm-m for graphite to more than 1e6 for dry igneous rocks
193,Mount Gunson ore (analog blanket),response to seven geophysical methods,no diagnostic relationship,text,"Milton, B.E., Hussin, J.J. and Taylor, B.J. 1966, Report of exploratory geophysical surveys at Mount Gunson - Pernatty Lagoon (S.M.L. 96), SADME Rept. Bk. 63/75",,conclusions,pre-t0,"quote: induced polarization, resistivity, gravity, magnetic, electromagnetic, self potential and radiometric methods showed no diagnostic relationships to the ore occurrence at either the Mount Gunson Main Open Cut or the Lagoon Workings; era support for the annex line that the ore blanket is close to invisible"
194,Mount Gunson IP survey,array and frequencies,50 ft dipole-dipole at 3 and 0.3 c/s,configuration,"Milton, B.E., Hussin, J.J. and Taylor, B.J. 1966, Report of exploratory geophysical surveys at Mount Gunson - Pernatty Lagoon (S.M.L. 96), SADME Rept. Bk. 63/75",,"text (results, IP)",pre-t0,"frequency domain, Geoscience instruments; most recorded copper minerals in the area are non-sulphides, so no direct relation with mineralisation would be expected"
195,RDD1 core at 19.80 m,bulk density,2.63,g/cm3,"AMDEL report MT 1068/76 for WMC, in EL 190 second quarterly (mesac24890 PDF pp. 88-89), Appendix F",89,results,after t0 (3 October 1975),"two-hour cold water absorption 1.30 per cent; the 472.70 m sample must be RDD2, since RDD1 ended at 411.10 m [CHECK]"
196,RDD1 core at 130.45 m,bulk density,2.58,g/cm3,"AMDEL report MT 1068/76 for WMC, in EL 190 second quarterly (mesac24890 PDF pp. 88-89), Appendix F",89,results,after t0 (3 October 1975),"two-hour cold water absorption 0.76 per cent; the 472.70 m sample must be RDD2, since RDD1 ended at 411.10 m [CHECK]"
197,RDD1 core at 290.73 m,bulk density,2.70,g/cm3,"AMDEL report MT 1068/76 for WMC, in EL 190 second quarterly (mesac24890 PDF pp. 88-89), Appendix F",89,results,after t0 (3 October 1975),"two-hour cold water absorption 0.67 per cent; the 472.70 m sample must be RDD2, since RDD1 ended at 411.10 m [CHECK]"
198,RDD1 core at 350 m,bulk density,3.05,g/cm3,"AMDEL report MT 1068/76 for WMC, in EL 190 second quarterly (mesac24890 PDF pp. 88-89), Appendix F",89,results,after t0 (3 October 1975),"two-hour cold water absorption 1.00 per cent; the 472.70 m sample must be RDD2, since RDD1 ended at 411.10 m [CHECK]"
199,RDD1 core at 410.3 m,bulk density,2.81,g/cm3,"AMDEL report MT 1068/76 for WMC, in EL 190 second quarterly (mesac24890 PDF pp. 88-89), Appendix F",89,results,after t0 (3 October 1975),"two-hour cold water absorption 0.37 per cent; the 472.70 m sample must be RDD2, since RDD1 ended at 411.10 m [CHECK]"
200,RDD1 core at 472.70 m,bulk density,2.60,g/cm3,"AMDEL report MT 1068/76 for WMC, in EL 190 second quarterly (mesac24890 PDF pp. 88-89), Appendix F",89,results,after t0 (3 October 1975),"two-hour cold water absorption 0.80 per cent; the 472.70 m sample must be RDD2, since RDD1 ended at 411.10 m [CHECK]"
201,RDD1 mineralised interval (350 m),density contrast against the cover samples,about 0.35-0.45 (3.05 vs 2.58-2.70),g/cm3,"AMDEL report MT 1068/76 for WMC, in EL 190 second quarterly (mesac24890 PDF pp. 88-89), Appendix F",89,derived,after t0 (3 October 1975),"computed here; the pre-drilling 0.3 contrast was assumed for basalt, not for the hematite-rich rock that was found"
202,"EL 190 ground gravity lines 100,000E, 82,000N, 100,000N",Bouguer reduction density used,2.20,g/cm3,"WMC plans 2307-09, 2307-10 and 2307-11, EL 190 third quarterly (mesac24890 PDF pp. 183-185)",,plan header,after t0 (December 1975),"header also gives E.C.F. 0.2081 mGal/m, which corresponds to about 2.40 g/cm3, so the plan is internally inconsistent [CHECK]; datum Olympic Dam 30 m; reading interval 90 m"
