row_id,level,parameter,working_range_annex,proposed_distribution,expected_source_annex,in_state_source_and_date,evidence_and_translation,status,confirmed,source_files
L1-1,1,Cover unit thicknesses (per unit),Total 150 to 600 m,"Total cover to basement Uniform(320, 670) m, one draw; unit thicknesses as fixed shares of it: Stuart Shelf succession 0.46 and Pandurra Formation 0.54 (the midpoints of the per-unit ranges used before Change 6, 360 and 419 m); within the succession Andamooka Limestone 0.075 (midpoint of the declared 0 to 0.15 share), remainder Arcoona Quartzite 0.24, unnamed siltstones 0.23, Woomera (Tregolana) Shale 0.53",SA 1:250k notes; t0 bore logs,"Johns 1968, Bulletin 41 pp. 25-30, 46; Johns 1974 (Pandurra minimum); Woomera No. 1 (1958, 1968 reading); LY 2 log (CSR, March 1974); SA Geodata t0 logs","Change 6 (2026-09-23): the annex placeholder 'Total 150 to 600 m [CHECK]' replaced by the bounds found. Lower bound 320 m: Tent Hill Fm minimum 122 m (Bulletin 41 pp. 28-29) plus the Pandurra minimum 200 m (Johns 1974); nothing in the window is shallower (deepest t0 hole in the window 117 m, still in cover; Woomera No. 1 top of Pernatty Grit 239 m, 1968 reading). Upper bound 670 m: LY 2 (Mount Gunson, 2-degree buffer, outside the window), 29.4 to 667.4 m in Pandurra, end of hole still in Pandurra, the thickest pre-t0 section; basement was not reached, so the true maximum is deeper and the gate's sensitivity to the upper bound is reported. Young 1964 (610 m) not used, it reads the 1962 aeromagnetics that WP3 weights against (double use). Unit shares from the Woomera-locality thicknesses in Bulletin 41 (Arcoona under 30 m south to 76 m at Woomera, p. 30; unnamed siltstones 236 ft = 72 m and Woomera Shale 548.5 ft = 167 m at Woomera No. 1, p. 29); no Andamooka Limestone thickness in Bulletin 41, share declared; succession-to-Pandurra split declared from the per-unit ranges of versions 0.1 to 0.6. Supersedes the 22 September ruling (Pandurra Uniform(200, 638) m as a separate draw)",cited; unit shares declared,"confirmed 2026-09-23 (Peng: one parameter, one draw; update the [CHECK] range with what we found, option 1: 320 to 670 m)","06_sources/level1_stratigraphic_frame/notes/ (Bulletin 41 pdf and text, pp. 25-30); 06_sources/level1_stratigraphic_frame/bores/bores_regional_window.csv, bores_buffer2deg_pre_t0_strat_petroleum.csv (Woomera No. 1); 06_sources/level1_stratigraphic_frame/bores/bores_buffer2deg_pre_t0_basement_strat_intervals.csv (LY 2, DRILLHOLE_NO 256313)"
L1-2,1,Between-bore thickness variance and trend,Wide; set by bore spacing,"Planar regional trend plus a Gaussian random field: residual sd 20% of the drawn mean, correlation length LogUniform(10, 50) km",t0 bore logs,SA Geodata t0 logs,"no t0 bore inside the window reaches basement; 'bores tens of km apart' read as correlation lengths of 10 to 50 km; declared, sensitivity to be reported",declared assumption,"confirmed 2026-09-22 (Peng: GRF, 20% sd, 10-50 km)","06_sources/level1_stratigraphic_frame/bores/bores_regional_window.csv, bores_regional_window_strat_intervals.csv"
L1-3,1,Basement unconformity relief,Tens of m over km,"Amplitude Uniform(0, 150) m over tens of km",t0 bores; 1:250k notes,"Johns 1968, Bulletin 41 p. 29",Woomera Shale thins from 548.5 ft to under 50 ft over the Pernatty Grit high at Oakden Hills - Mount Gunson - Emu Bluff,translated,confirmed 2026-09-22 (Peng: follow the evidence),06_sources/level1_stratigraphic_frame/notes/ (Bulletin 41 p. 29)
L2-1,2,"Basalt object intensity (count per 10,000 km2)",2 to 10,"Uniform(2, 10)",Roopena mapping; targeting memoranda,none in state,"no in-state count; Rule 1 forbids reading it from the anomaly map; annex range carried as geological reasoning, about 3 to 13 objects in the window",declared assumption,confirmed 2026-09-22 (Peng: follow the evidence),none (declared assumption)
L2-2,2,Basalt lateral extent; thickness,2 to 20 km; 50 to 300 m,"Extent LogUniform(2, 20) km; thickness LogUniform(75, 300) m",Roopena mapping,"PORT AUGUSTA 1:250k (1968); Risely 1968; Roopena DDH 1-4 and BHP RP 1-2 (1967-69); Johns 1974, RB 74/00197","Roopena outcrop 4.7 x 3.6 km (lower bound, eroded); 75 to 141 m at Roopena; over 200 m under the Pandurra at Mount Gunson",cited,confirmed 2026-09-22 (Peng: follow the evidence),"06_sources/level2_basalt_objects/roopena_mapping/ (PORT AUGUSTA 1968 sheet, RB 67/00081 Risely 1968, roopena_beda_drillholes_pre_t0_intervals.csv); 06_sources/level3_redox_architecture/mount_gunson_analog/ (RB 74/00197 via dossier row G27)"
L2-3,2,Lineament intensity multiplier,2 to 5,"Uniform(1, 18), applied inside the 1974 O'Driscoll target circles",O'Driscoll reports,O'Driscoll OD4 iv and OD6 iv (1974),"the lineament network is represented by the 20 blue O'Driscoll targets of Sept 1974 (OD6 iv), the only in-state lineament product; 11 fall in the regional window and cover 6.8% of it; basalt-object intensity is multiplied inside the circles; the bound 1/f = 18 comes from their 5.4% cover of the two sheets",translated,confirmed 2026-09-22 (Peng: use O'Driscoll's 1974 targets as the lineament resource),"06_sources/level2_basalt_objects/odriscoll_interpretation/ (OD4 iv, OD6 iv); 03_sampler_inputs/wp4_prior_lineament_targets_1974.csv"
L3-1,3,P(reduced facies present at contact),0.1 to 0.3,"Uniform(0.05, 0.30)",t0 bore facies logs; analog basins,"SA Geodata litho logs dated before t0; RB 72/00189 (Mount Gunson, 1972); Woomera No. 1",t0 logs 0.08 strict (90% 0.04-0.17) to 0.18 by colour (90% 0.11-0.28); Mount Gunson 6 of 7 LD holes reduced,cited,confirmed 2026-09-22 (Peng: follow the evidence),"06_sources/level3_redox_architecture/bore_facies_descriptions/ (sa_geodata facies intervals, mount_gunson reports, bulletin41)"
L3-2,3,Reduced-facies belt and patch lengths,Tens of km; 1 to 10 km,"Belts LogUniform(30, 150) km; patches LogUniform(0.5, 5) km",Mendelsohn 1961; Kupferschiefer literature,Binda and Mulgrew 1974; White and Wright 1954; Brown 1974; Johnson 1974; Rentzsch 1974; Johns 1972; Maiden 1974; Gillson 1963 (reviewing Mendelsohn 1961),"belts 64 to 100 km in analogs, 32 to 145 km at Mount Gunson; the 1 to 10 km figures are ore patches (0.5 to 5 km), so the patch scale is shared with Level 4",cited,confirmed 2026-09-22 (Peng: follow the evidence),"06_sources/level3_redox_architecture/analog_literature/ (Liege 1974 papers, White and Wright 1954, Brown 1971, transcriptions/level3_analog_dimensions_pre_t0.csv); 06_sources/level3_redox_architecture/mount_gunson_analog/mount_gunson_t0_dossier.csv"
L4-1,4,"Ore distance to basalt margin, d",0 to 10 km,"Uniform(0, 15) km",Haynes targeting memoranda,"Maiden 1974, PMR 58/74; O'Driscoll OD6 iv (1974)",no lateral distance from basalt before t0; Cu fall-off over 1 to 15 km from the Gunson basin edge; 1974 target circles 4.5 to 6 km radius,testimony,confirmed 2026-09-22 (Peng: follow the evidence),"06_sources/level3_redox_architecture/mount_gunson_analog/mount_gunson_t0_dossier.csv (rows G20, G21, G27); 06_sources/level2_basalt_objects/odriscoll_interpretation/; 06_sources/level4_ore_rule/haynes_memoranda/NOT_FOUND.md"
L4-2,4,"P(ore | margin, reduced facies)",0.05 to 0.3,"Uniform(0.09, 0.35), with 'margin' = within d of a basalt edge on a reduced belt",Haynes memoranda; analog frequency,Johnson 1974; Binda and Mulgrew 1974; White 1942; Rentzsch 1974,"along-belt ore fractions 0.09 to 0.35; over a whole basin only 0.002 to 0.009, so the definition of margin fixes the scale",cited,confirmed 2026-09-22 (Peng: follow the evidence),06_sources/level3_redox_architecture/analog_literature/transcriptions/level3_analog_dimensions_pre_t0.csv; 06_sources/level4_ore_rule/analog_blanket_statistics/level4_blanket_statistics_pre_t0.csv (row 30)
L4-3,4,Lineament-intersection ore multiplier,2 to 5,"Uniform(1, 5), applied inside the 1974 O'Driscoll target circles",O'Driscoll reports,White 1942; PP 820 (1973),"qualitative only (ore near faults, White 1942; coincidence of environments, PP 820 1973); 'lineament intersection' read as inside a 1974 O'Driscoll target circle, since the targets were drawn at lineament crossings and no digitised network exists",testimony,confirmed 2026-09-22 (Peng: use O'Driscoll's 1974 targets as the lineament resource),"06_sources/level4_ore_rule/analog_blanket_statistics/level4_blanket_statistics_pre_t0.csv (rows 19, 34); 03_sampler_inputs/wp4_prior_lineament_targets_1974.csv"
L4-4,4,Blanket thickness; grade; tonnage,"2 to 30 m; 1 to 4% Cu; lognormal, median tens of Mt","Thickness LogUniform(1, 15) m; grade Uniform(1.0, 4.5)% Cu; tonnage derived from patch area x thickness x density",Mendelsohn 1961; White Pine papers; Kupferschiefer literature,PP 820 (1973); White 1942; Gillson 1963; White and Wright 1954; Mount Gunson reports 1941-74,"ore beds 0.13 to 15 m, Gunson 1 to 5 m; grade 1.0 to 4.5%; stated tonnages bimodal (Gunson 0.15-3.2 Mt, world 57-198 Mt), used as a check on the derived tonnage",cited,confirmed 2026-09-22 (Peng: follow the evidence),"06_sources/level4_ore_rule/analog_blanket_statistics/ (usgs_pp820_1973, hand_placed Econ Geol papers, level4_blanket_statistics_pre_t0.csv); 06_sources/level3_redox_architecture/mount_gunson_analog/mount_gunson_t0_dossier.csv"
L5-1,5,Basalt density; susceptibility,2.80 to 3.00; magnetic,"Density Normal(2.80, 0.12) truncated 2.60 to 3.35 g/cm3; susceptibility LogUniform(20, 26000) x 1e-6 cgs",WMC assumed contrasts; Dobrin; Parasnis,Risely 1968; Parasnis 1973; Dobrin 1960; Grant and West 1965; Rutter and Esdale 1985 (after t0),"Risely median 2.80 (10-90% 2.66-2.95); Parasnis basalt 2.70-3.30; susceptibility 20 to 26,000 x 1e-6 cgs across the three books: Parasnis Table I is in rationalised (SI) units (page 28 heading), so basalt 250-105,000 converts to 20-8,360 cgs; Dobrin measured basalt 680, diabase 78-1,050, olivine diabase 2,000, and calculated basalts 0-26,000 (Table 13-2); Grant and West basalt mean 2,950. ERRATUM 2026-09-23: the earlier row read the Parasnis values as cgs, 4 pi too high; WMC's 0.3 contrast is a check on the derived contrast",cited,"confirmed 2026-09-22 (Peng: follow the evidence); susceptibility corrected 2026-09-23 (Peng: unit erratum, Parasnis rationalised units)","06_sources/level5_petrophysical_attachment/era_textbooks/ (three scans, level5_era_properties.csv); 06_sources/level5_petrophysical_attachment/wmc_assumed_contrasts/"
L5-2,5,Cover density; resistivity,2.4 to 2.6; conductive where saturated,"Density per unit: quartzite Uniform(2.60, 2.70), shale Uniform(2.10, 2.60), limestone Uniform(2.20, 2.70), Pandurra 2.44 +/- 0.05; resistivity LogUniform(1, 1000) ohm-m; susceptibility LogUniform(10, 100) x 1e-6 cgs (non-magnetic)",WMC reports; era tables,"Parasnis 1973 Table V; Grant and West 1965 pp. 199, 394; Dobrin 1960; Risely 1968","books 2.05 to 2.70 by rock type; Pandurra 2.44 (one sample); in-situ logs 1 to 1,000 ohm-m; cover susceptibility 14 to 52 x 1e-6 cgs (Dobrin 1960 Table 13-1, Fig. 13-5)",cited,confirmed 2026-09-22 (Peng: follow the evidence),06_sources/level5_petrophysical_attachment/era_textbooks/level5_era_properties.csv; 06_sources/level5_petrophysical_attachment/wmc_assumed_contrasts/pre_t0_stand_ins/risely1968_text.txt
L5-3,5,Ore blanket property contrast,"Near zero (gravity, magnetics)",Derived from grade and thickness,Computed from grade and thickness,Parasnis 1973; Grant and West 1965; Milton et al. 1966 (RB 63/75),"4% Cu as chalcopyrite adds 0.115 g/cm3, 0.14 mGal for a 30 m blanket; hematite not normally a conductor",derived,confirmed 2026-09-22 (Peng: follow the evidence),"06_sources/level5_petrophysical_attachment/era_textbooks/level5_era_properties.csv (rows 106, 171, 176, 177, 191, 193); 06_sources/level5_petrophysical_attachment/wmc_assumed_contrasts/pre_t0_stand_ins/RB6300075.pdf"
L2-4,2,Iron-oxide body size; density,not in Annex A; WP4 guideline Task 3 class (iron formation or iron-oxide body): density 3.0 to 4.5 by iron content,"Size LogUniform(0.3, 3) km long axis per body; density Uniform(3.0, 4.5) g/cm3 per body; fixed: aspect 3, strike north-south, vertical extent 200 m, top at the unconformity, count 0.375 x the basalt count (Task 3 weights 0.15 : 0.40), no lineament multiplier, no copper, susceptibility 5,000 x 1e-6 cgs, resistivity as basement","WP4 Task 3: Middleback type, Iron Knob; petrophysical tables available in 1975","Miles, RB 33/00090 (1952; work 1948-51); Jack, Bull 009 (1922); Parasnis 1973 Table V; RB 26/00103 (1948); RB 32/00029 (1950); RB 35/00060 (1953)","Size: Iron Knob 1,600 x 220 ft (490 x 67 m, aspect 7, strikes north-south); Iron Monarch 2,100 x 2,200 ft (640 x 670 m, aspect 1), worked 350 ft deep, reserves computed over 614 ft (187 m) of vertical extent; Iron Prince a swarm of lenses; 12 named bodies along about 60 km of range. Range 0.3 to 3 km spans the single bodies to a lens swarm; count ratio from the Task 3 placeholder weights (WMC rankings not found). Density: hard ore specific gravity 4.62, 4.5 taken as the in-place average (8 cubic feet per long ton); lower-grade ore 9 to 12 cubic feet per ton = 3.0 to 4.0; pure hematite 4.9-5.3, magnetite 5.0-5.1 (Bull 009); hematite 5.1, magnetite 5.2 (Parasnis). Susceptibility fixed from the surveys: hematite almost non-magnetic, ore anomalies of about 1,000 gammas from included magnetite, banded iron formation 3,000-8,000 gammas; 5,000 x 1e-6 cgs reproduces the ore-body amplitude for a 200 m body. Bundled into one row in Change 6 (2026-09-23) by the annex convention for related draws (as 'Basalt lateral extent; thickness')",cited; count ratio and susceptibility declared,"confirmed 2026-09-23 (Peng: Change 1 after the Section 4 gravity mismatch; bundled in Change 6, rows close to the annex's 15)",06_sources/iron_oxide_bodies_middleback/RB3300090.pdf; 06_sources/iron_oxide_bodies_middleback/Bull 009 The Iron Ore Resources of South Australia.PDF; 06_sources/iron_oxide_bodies_middleback/RB2600103.pdf; 06_sources/iron_oxide_bodies_middleback/middleback_pre_t0_statements.csv (rows 1-16)
L5-4,5,Basement density; susceptibility variation (sd of the lateral fields),not in Annex A (basement held at 2.60 g/cm3 and 500 x 1e-6 cgs as fixed settings before Change 1),"Density: sd Uniform(0.03, 0.10) g/cm3 of a Gaussian field, mean 2.65, values kept within 2.50 to 3.12. Susceptibility: sd Uniform(0.5, 1.0) decades of an independent log-normal field, median 1,120 x 1e-6 cgs (Change 4), values kept within 10 to 20,000. Both fields two-scale (Change 5): 30 km domains plus 4 km texture, 80% of the variance at the domain scale; same value from the basement top to the mesh base",era petrophysical tables (WP4 Task 3),"Dobrin 1960 Tables 12-1 and 13-1; Parasnis 1973 Tables I and V (Table I rationalised units, converted); Risely 1968 (RB 67/00081); Grant and West 1965 Tables 12-2 and 12-3","Density: granite 2.516-2.809, granodiorite 2.668-2.785, diorite 2.721-2.960, gabbro 2.850-3.120 (Dobrin); granite 2.50-2.70, gneiss 2.70 (Parasnis); Gawler Range granophyre and porphyry 2.57-2.62, gabbro 3.07 (Risely). Mean 2.65 between the Gawler felsics and gneiss; sd 0.03 to 0.10 spans a granite-only basement to a granite-diorite-gabbro mix; susceptibility granite 28-2,700, gabbro 68-2,370 (Dobrin Table 13-1), Parasnis gabbro 1,000-76,000 rationalised = 80-6,050 cgs. . Susceptibility: granite 28-2,700 measured, gabbro 68-2,370, metamorphic average 349 (range 0-5,824) (Dobrin); granites and allied rocks 60 / 23 / 16 / 1 per cent of samples below 100 / 100-1,000 / 1,000-4,000 / above 4,000, gneisses and schists 71 / 22 / 7 / 0 (Grant and West Table 12-2), i.e. two to three decades of spread within one rock type; granite 0-3,940, granulite 7-3,690, Kiruna porphyry 18-16,700 (Parasnis, converted from rationalised units). Median 500 keeps the earlier fixed value; the limits are the Dobrin granite minimum and the Parasnis porphyry maximum; sd 0.5 to 1.0 decades spans the Grant and West distributions. Patch size 8 km declared (between the 1.6 km line spacing and the 5 to 15 km observed anomaly widths, a geometric choice, not fitted); independence from density declared. Median 1,120 is the Grant and West Table 12-3 rhyolite mean (Gawler Range Volcanics analog, Change 4). Field geometry (two scales, share) and vertical continuity declared. Bundled into one row in Change 6 (2026-09-23) by the annex convention for related draws (as 'Basalt density; susceptibility')",cited; field geometry declared,confirmed 2026-09-23 (Peng: Change 1 after the Section 4 gravity mismatch; Change 2 after the magnetic mismatch; bundled in Change 6),"03_sampler_inputs/level5_era_properties.csv (rows 27-32, 50-53, 67, 99-100, 104, 121-122, 126-127, 152-153, 186-187); 06_sources/level5_petrophysical_attachment/era_textbooks/; 06_sources/level2_basalt_objects/roopena_mapping/transcriptions/risely1968_specific_gravity.csv"
