record,source,dest,bytes,date_read,title
mesac2924,01_data/wp1_data/database/reports/olympic_dam_district/mesac2924/Bore sample analyses_ Stuart Shelf_ with reference to the Pernatty Lagoon (Mount Gunson mine) Cu_ Mn_ Ba mineralisation,mesac2924_Env01880_pp359-499.pdf,4075385,1972,"Bore sample analyses, Stuart Shelf, Pernatty Lagoon (Mount Gunson mine) Cu, Mn, Ba mineralisation and the Pandurra copper prospect (Warne)"
mesac2928,01_data/wp1_data/database/reports/olympic_dam_district/mesac2924/Bore sample analyses_ Stuart Shelf_ with reference to the Pernatty Lagoon (Mount Gunson mine) Cu_ Mn_ Ba mineralisation,mesac2928_Env01880_pp414-437.pdf,836504,1972,"Analyses of bore and well spoil samples obtained by D. Ker, 1963, western Stuart Shelf (Warne)"
mesac31462,01_data/wp1_data/database/reports/annexA_sources/mesac31461/ENV02187.pdf,mesac31462_Env02187_pp551-573.pdf,10076637,24/09/1972,"Geochemical mud sampling and drilling, Pernatty Lagoon (Maiden)"
mesac31775,01_data/wp1_data/database/reports/era_1975_1982/mesac31776/Attempted dating of galenas from four drill core samples_ Mount Gunson copper deposit. (Appendix 6 to progress report to,mesac31775_Env02330_pp16-54.pdf,2024314,before 19/10/1973,Results of exploration activities in the Oakden Hills - Lake Macfarlane area
mesac31773,01_data/wp1_data/database/reports/era_1975_1982/mesac31776/Attempted dating of galenas from four drill core samples_ Mount Gunson copper deposit. (Appendix 6 to progress report to,mesac31773_Env02330_pp54-59.pdf,315323,May-June 1973 (hole table),Pernatty Lagoon progress reports 20/7/1973 to 19/7/1975 (pre-t0 pages only)
mesac31776,01_data/wp1_data/database/reports/era_1975_1982/mesac31776/Attempted dating of galenas from four drill core samples_ Mount Gunson copper deposit. (Appendix 6 to progress report to,mesac31776_Env02330_pp737-744.pdf,494384,before 19/1/1975,"Attempted dating of galenas from four drill core samples, Mount Gunson (Richards)"
mesac31436,01_data/wp1_data/database/reports/era_1975_1982/mesac31475/Mineragraphic study of polished sections of sulphides obtained from the Cattlegrid open pit_ Mount Gunson_ SA_ 1974-1976,mesac31436_Env06611_pp4-64.pdf,5386079,1967,Binocular microscope logging of percussion drill cuttings
mesac31437,01_data/wp1_data/database/reports/era_1975_1982/mesac31475/Mineragraphic study of polished sections of sulphides obtained from the Cattlegrid open pit_ Mount Gunson_ SA_ 1974-1976,mesac31437_Env06611_pp63-147.pdf,1805812,October 1972,"Petrography of Mount Gunson sediments, Parts I and II"
mesac31438,01_data/wp1_data/database/reports/era_1975_1982/mesac31475/Mineragraphic study of polished sections of sulphides obtained from the Cattlegrid open pit_ Mount Gunson_ SA_ 1974-1976,mesac31438_Env06611_pp146-158.pdf,423351,1973,Petrological-mineralogical examination (Curtis)
mesac31439,01_data/wp1_data/database/reports/era_1975_1982/mesac31475/Mineragraphic study of polished sections of sulphides obtained from the Cattlegrid open pit_ Mount Gunson_ SA_ 1974-1976,mesac31439_Env06611_pp157-186.pdf,644886,20/12/1971,Petrographic / mineragraphic examination of Mount Gunson ore specimens (Curtis)
mesac31440,01_data/wp1_data/database/reports/era_1975_1982/mesac31475/Mineragraphic study of polished sections of sulphides obtained from the Cattlegrid open pit_ Mount Gunson_ SA_ 1974-1976,mesac31440_Env06611_pp185-229.pdf,1770314,Jan 1974 / Jun 1974 / Apr 1975,"Petrography of Pandurra area thin sections, Parts II-III (Curtis)"
mesac31441,01_data/wp1_data/database/reports/era_1975_1982/mesac31475/Mineragraphic study of polished sections of sulphides obtained from the Cattlegrid open pit_ Mount Gunson_ SA_ 1974-1976,mesac31441_Env06611_pp229-239.pdf,328787,February 1974,"Petrographic report, specimens from the Powerline Embayment area"
mesac31445,01_data/wp1_data/database/reports/era_1975_1982/mesac31475/Mineragraphic study of polished sections of sulphides obtained from the Cattlegrid open pit_ Mount Gunson_ SA_ 1974-1976,mesac31445_Env06611_pp264-284.pdf,728070,12/03/1974,"Petrographic examination of McLeay Beds, Mount Gunson district (Curtis)"
mesac31447,01_data/wp1_data/database/reports/era_1975_1982/mesac31475/Mineragraphic study of polished sections of sulphides obtained from the Cattlegrid open pit_ Mount Gunson_ SA_ 1974-1976,mesac31447_Env06611_pp408-468.pdf,2466169,May 1974,"Facies variations in the Woocalla Formation and their relation to base metal mineralisation (K.J. Maiden, Pacminex PMR 58/74, May 1974)"
mesac31452,01_data/wp1_data/database/reports/era_1975_1982/mesac31475/Mineragraphic study of polished sections of sulphides obtained from the Cattlegrid open pit_ Mount Gunson_ SA_ 1974-1976,mesac31452_Env06611_pp735-817.pdf,3143383,Nov-Dec 1974,"Petrographic and mineragraphic examination of drill core, Gully and MG14 deposits"
mesac31694,01_data/wp1_data/database/reports/other/mesac31694/Mount Gunson district. Geological mapping data_ 1971-1972,mesac31694_Env06664_pp2-12.pdf,2148363,21/04/1972,"Mount Gunson district. Geological mapping data, 1971-1972"
rb7400135,01_data/wp1_data/database/reports/olympic_dam_district/rb7400135/RB 74_00135 Adelaide Geosyncline and Stuart Shelf geology. In_ Knight_ C.L. - Economic geology of Australia and Papua Ne,rb7400135.pdf,412961,25/06/1974,"RB 74/00135 The Adelaide Geosyncline and Stuart Shelf (B.P. Thomson, B.G. Forbes, R.P. Coats, 25 June 1974; for Knight ed.)"
mesac18387,01_data/wp1_data/database/reports/annexA_sources/mesac31820/ENV00674.pdf,mesac18387_Env00674_pp35-86.pdf,29333268,30/11/1966,"Mount Gunson and Pernatty Lagoon. Joint annual report 1/12/1965 to 30/11/1966 (includes Geology of the Pernatty Lagoon area, mesac31820)"
mesac31698,01_data/wp1_data/database/reports/annexA_sources/mesac31698/ENV06669.pdf,mesac31698.pdf,24005958,1970-1972 (contents page; logs dated Oct 1970); p2 location sheet completed Jan 1976,"Mount Gunson drilling summaries, 3-1-X to 3-14-X series (whole envelope; p2 is a Jan 1976 index sheet)"
mesac31602,01_data/wp1_data/database/reports/annexA_sources/mesac31602/ENV06624.pdf,mesac31602.pdf,10249998,1972 (contents page; holes spudded Feb and Sep 1972),"Mount Gunson drill logs, Pernatty Lagoon (whole envelope)"
mesac31469,01_data/wp1_data/database/reports/annexA_sources/mesac31469/ENV06626.pdf,mesac31469.pdf,10940311,"1970-1972 (contents page; logs Dec 1970, Jun 1972)","Mount Gunson drill logs. Woolcalla, Ironstone Lagoon, Fair Nell, Sweet Nell, Mona Lena (whole envelope)"
mesac21897,01_data/wp1_data/database/reports/olympic_dam_district/mesac22058/Pernatty Lagoon. Progress reports to licence expiry_renewal for the period 3_12_1970 to 2_12_1971,mesac21897_Env01563_pp149-159.pdf,355818,19/8/1971,"Mt Gunson ore controls as a basis for further exploration (D.G. Tonkin, Pacminex PMR 149/71)"
rb7400197,01_data/wp1_data/database/reports/olympic_dam_district/rb7400197/RB 74_00197 Adelaide Geosyncline and Stuart Shelf mineralisation. In_ Knight_ C.L. - Economic geology of Australia and P,rb7400197.pdf,602440,9 Oct 1974,"RB 74/00197 Adelaide Geosyncline and Stuart Shelf, sundry mineralisation (R.K. Johns, 9 Oct 1974)"
mesac31341,01_data/wp1_data/database/reports/annexA_sources/mesac31341/ENV06604.pdf,mesac31341_Env06604_pp13-33.pdf,347326,April 1970,"Evaluation of the East Lagoon orebody, Mount Gunson (W.F. Mathias, April 1970)"
