DRILLHOLE_NO,DH_NAME,DH_OTHER_NAME,lon_dd,lat_dd,max_depth_m,drill_date,TARGET_COMMODITIES,MINERAL_CLASS,PETROLEUM_CLASS,STRATIGRAPHIC_CLASS,WATER_WELL_CLASS,STRAT_LOG,LITHO_LOG,PETROPHYSICAL_LOG,CORE_LIBRARY,OPERATOR_NAME,TENEMENT,MAP_250000,dist_od_km,in_regional_window,strat_units_top_to_base,gis_codes_top_to_base,deepest_logged_base_m,oldest_age_rank,oldest_age_class,depth_top_pre_adelaidean_m,depth_top_crystalline_basement_m,first_pre_adelaidean_unit,first_crystalline_basement_unit,reached_pre_adelaidean,reached_crystalline_basement,pandurra_logged,hole_type,cutoff_t0,buffer_deg
24900,WILKATANA 6,188000008,137.7805917,-32.1357436,135.64,1956-03-22,,N,Y,Y,N,N,Y,N,N,SANTOS LIMITED,OEL 7,SI5304 PORT AUGUSTA,206.7,False,,,,,,,,,,,,,petroleum,1975-05-02,2.0
24953,WILKATANA 5,727008105,137.8302575,-32.1291042,157.58,1956-03-30,,N,Y,Y,N,N,N,N,N,SANTOS LIMITED,OEL 7,SI5304 PORT AUGUSTA,208.0,False,,,,,,,,,,,,,petroleum,1975-05-02,2.0
24955,WILKATANA 7,727008202,137.8352853,-32.1246039,144.93,1956-04-27,,N,Y,Y,N,N,Y,N,N,SANTOS LIMITED,OEL 7,SI5304 PORT AUGUSTA,207.8,False,,,,,,,,,,,,,petroleum,1975-05-02,2.0
24903,WILKATANA 10,188000011,137.8094244,-32.1240764,13.72,1956-05-29,,N,Y,Y,N,N,Y,N,N,SANTOS LIMITED,OEL 7,SI5304 PORT AUGUSTA,206.7,False,,,,,,,,,,,,,petroleum,1975-05-02,2.0
24951,WILKATANA 3,727008102,137.8301464,-32.1258264,406.6,1956-05-29,Oil,N,Y,N,N,Y,Y,N,Y,SANTOS LIMITED,OEL 7,SI5304 PORT AUGUSTA,207.7,False,Neuroodla Formation > Cotabena Formation > Wilkawillina Limestone > Parachilna Formation,op---u > eo---o > E-rh-w > E-rh-p,406.6,1.0,Cambrian,,,,,False,False,False,petroleum,1975-05-02,2.0
24928,WILKATANA 1,727008101,137.8301186,-32.1247153,670.32,1956-06-11,Oil,N,Y,N,N,Y,Y,N,Y,SANTOS LIMITED,OEL 7,SI5304 PORT AUGUSTA,207.6,False,Quaternary rocks > Neuroodla Formation > Cotabena Formation > Wilkawillina Limestone > Parachilna Formation > Neoproterozoic rocks,IH > op---u > eo---o > E-rh-w > E-rh-p > N-,670.32,2.0,Adelaidean,,,,,False,False,False,petroleum,1975-05-02,2.0
24904,WILKATANA 10A,188000012,137.8094522,-32.1251875,81.38,1956-06-29,Water,N,Y,Y,N,N,Y,N,N,SANTOS LIMITED, ,SI5304 PORT AUGUSTA,206.8,False,,,,,,,,,,,,,petroleum,1975-05-02,2.0
24901,WILKATANA 8,188000009,137.8197853,-32.1249375,324.61,1956-07-16,,N,Y,N,N,Y,Y,N,Y,SANTOS LIMITED,OEL 7,SI5304 PORT AUGUSTA,207.2,False,Quaternary rocks > Neuroodla Formation > Cotabena Formation > Wilkawillina Limestone > Parachilna Formation,IH > op---u > eo---o > E-rh-w > E-rh-p,324.61,1.0,Cambrian,,,,,False,False,False,petroleum,1975-05-02,2.0
24898,WILKATANA 2,,137.8300908,-32.1236042,337.81,1956-07-27,,N,Y,N,N,N,Y,N,Y,SANTOS LIMITED,OEL 7,SI5304 PORT AUGUSTA,207.5,False,,,,,,,,,,,,,petroleum,1975-05-02,2.0
24902,WILKATANA 9,188000010,137.8295628,-32.1071319,372.77,1956-08-23,,N,Y,N,N,N,Y,N,N,SANTOS LIMITED,OEL 7,SI5304 PORT AUGUSTA,205.8,False,,,,,,,,,,,,,petroleum,1975-05-02,2.0
24905,WILKATANA 11,188000013,137.8290347,-32.0895483,339.85,1956-09-19,,N,Y,N,N,N,Y,N,Y,SANTOS LIMITED,OEL 7,SI5304 PORT AUGUSTA,204.0,False,,,,,,,,,,,,,petroleum,1975-05-02,2.0
24954,WILKATANA 4,727008201,137.8404519,-32.1244928,460.55,1956-09-29,,N,Y,N,N,N,Y,N,Y,SANTOS LIMITED,OEL 7,SI5304 PORT AUGUSTA,208.0,False,,,,,,,,,,,,,petroleum,1975-05-02,2.0
24957,WILKATANA 13,727019201,137.8714236,-32.1237981,177.4,1956-10-07,,N,Y,Y,N,Y,N,N,N,SANTOS LIMITED,OEL 7,SI5304 PORT AUGUSTA,209.2,False,Quaternary rocks > Neuroodla Formation > Cotabena Formation > Proterozoic rocks,IH > op---u > eo---o > YN,177.4,4.0,Palaeoproterozoic,172.0,172.0,Proterozoic rocks,Proterozoic rocks,True,True,False,petroleum,1975-05-02,2.0
24958,WILKATANA 14,727008601,137.89209,-32.1233258,182.88,1956-10-11,,N,Y,Y,N,Y,Y,N,N,SANTOS LIMITED,OEL 7,SI5304 PORT AUGUSTA,210.0,False,Quaternary rocks > Neuroodla Formation > Cotabena Formation > Proterozoic rocks,IH > op---u > eo---o > YN,182.88,4.0,Palaeoproterozoic,167.6,167.6,Proterozoic rocks,Proterozoic rocks,True,True,False,petroleum,1975-05-02,2.0
24899,WILKATANA 17,188000007,137.8768119,-32.0686867,63.9,1956-10-18,,N,Y,Y,N,Y,Y,N,N,SANTOS LIMITED,OEL 7,SI5304 PORT AUGUSTA,204.0,False,Quaternary rocks > Neuroodla Formation > Proterozoic rocks,IH > op---u > YN,63.9,4.0,Palaeoproterozoic,56.4,56.4,Proterozoic rocks,Proterozoic rocks,True,True,False,petroleum,1975-05-02,2.0
24906,WILKATANA 15,188000014,137.8606731,-32.0690481,176.78,1956-10-21,,N,Y,Y,N,Y,Y,N,N,SANTOS LIMITED,OEL 7,SI5304 PORT AUGUSTA,203.3,False,Quaternary rocks > Neuroodla Formation,IH > op---u,176.78,0.0,post-Cambrian cover,,,,,False,False,False,petroleum,1975-05-02,2.0
24956,WILKATANA 12,727008301,137.850785,-32.1242428,333.76,1956-10-22,,N,Y,N,N,Y,Y,N,N,SANTOS LIMITED,OEL 7,SI5304 PORT AUGUSTA,208.4,False,Quaternary rocks > Neuroodla Formation > Cotabena Formation > Wilkawillina Limestone,IH > op---u > eo---o > E-rh-w,333.76,1.0,Cambrian,,,,,False,False,False,petroleum,1975-05-02,2.0
174073,WILKATANA 18,,137.8284233,-32.0697983,132.89,1956-11-13,,N,Y,Y,N,N,N,N,N,SANTOS LIMITED,OEL 7,SI5304 PORT AUGUSTA,202.0,False,,,,,,,,,,,,,petroleum,1975-05-02,2.0
24907,WILKATANA 16,188000015,137.8445622,-32.0694369,281.03,1957-01-16,,N,Y,Y,N,Y,Y,N,N,SANTOS LIMITED,OEL 7,SI5304 PORT AUGUSTA,202.7,False,Cotabena Formation > Cambrian rocks,eo---o > E-,281.0,1.0,Cambrian,,,,,False,False,False,petroleum,1975-05-02,2.0
24942,WILKATANA 19,,137.83098,-32.1521875,122.4,1957-01-30,,N,Y,Y,N,N,N,N,N,SANTOS LIMITED,OEL 7,SI5304 PORT AUGUSTA,210.4,False,,,,,,,,,,,,,petroleum,1975-05-02,2.0
24949,WILKATANA 19A,727008002,137.83098,-32.1521875,,1957-03-05,,N,Y,Y,N,N,N,N,N,SANTOS LIMITED, ,SI5304 PORT AUGUSTA,210.4,False,,,,,,,,,,,,,petroleum,1975-05-02,2.0
24950,WILKATANA 19B,727008003,137.83098,-32.1521875,137.16,1957-03-25,,N,Y,Y,N,N,N,N,N,SANTOS LIMITED,OEL 7,SI5304 PORT AUGUSTA,210.4,False,,,,,,,,,,,,,petroleum,1975-05-02,2.0
24952,WILKATANA 3A,727008103,137.8301464,-32.1260208,320.04,1957-04-29,Oil,N,Y,N,N,N,N,N,N,SANTOS LIMITED,OEL 7,SI5304 PORT AUGUSTA,207.7,False,,,,,,,,,,,,,petroleum,1975-05-02,2.0
34155,MOTPENA 1,,138.3179881,-31.1151781,213.97,1957-07-04,,N,Y,N,N,N,N,N,Y,SANTOS LIMITED,OEL 7,SH5413 PARACHILNA,155.9,False,,,,,,,,,,,,,petroleum,1975-05-02,2.0
34156,MOTPENA 2,,138.3179881,-31.1151781,176.17,1957-07-25,,N,Y,N,N,N,N,N,N,SANTOS LIMITED,OEL 7,SH5413 PARACHILNA,155.9,False,,,,,,,,,,,,,petroleum,1975-05-02,2.0
212402,AW 2,,139.3583854,-30.2066315,60.9,1969-02-01,Uranium,N,Y,N,N,N,N,N,Y,Exoil NL.,SML 145,SH5409 COPLEY,238.6,False,,,,,,,,,,,,,petroleum,1975-05-02,2.0
212404,AW 4,,139.3591554,-30.2031395,97.5,1969-02-01,Uranium,N,Y,N,N,N,N,N,Y,Exoil NL.,SML 145,SH5409 COPLEY,238.8,False,,,,,,,,,,,,,petroleum,1975-05-02,2.0
14205,WEEDINA 1,,135.6580361,-28.47439,1624.28,1970-03-23,Oil,N,Y,N,N,Y,N,N,Y,Pexa Oil NL.,PEL 5,SH5303 WARRINA,248.9,False,Quaternary rocks > Mount Anna Sandstone Member > Mount Toondina Formation > Stuart Range Formation > Boorthanna Formation > Cootanoorina Formation > Archaean-Devonian rocks,IH > K----ca > P----t > P----s > CP---b > E----c > AD,1624.28,5.0,Archaean,1609.04,1609.04,Archaean-Devonian rocks,Archaean-Devonian rocks,True,True,False,petroleum,1975-05-02,2.0
20580,BEDA BORE,,137.4294176,-31.9733964,335.13,1889-12-21,Water,N,N,Y,Y,N,N,Y,Y,South Australia. Engineer in Chiefs Department., ,SH5316 TORRENS,178.0,False,,,,,,,,,,,,,stratigraphic,1975-05-02,2.0
284955,PHILLIP PONDS DD8,,136.8398707,-31.1705294,6.71,1947-08-03,,N,N,Y,N,N,N,N,Y,South Australia. Department of Works and Housing., ,SH5316 TORRENS,81.2,False,,,,,,,,,,,,,stratigraphic,1975-05-02,2.0
18034,WORKS & HOUSING DEPT. DD11,096000019,136.8517947,-31.1445074,9.75,1947-08-06,,N,N,Y,N,N,Y,N,Y,South Australia. Department of Works and Housing., ,SH5316 TORRENS,78.3,False,,,,,,,,,,,,,stratigraphic,1975-05-02,2.0
18035,WORKS & HOUSING DEPT.,,136.8517947,-31.1445074,8.99,1947-08-12,,N,N,Y,N,N,Y,N,N,, ,SH5316 TORRENS,78.3,False,,,,,,,,,,,,,stratigraphic,1975-05-02,2.0
18036,WORKS & HOUSING DEPT. DD5,,136.8517947,-31.1445074,8.84,1947-08-19,,N,N,Y,N,N,Y,N,Y,South Australia. Department of Works and Housing., ,SH5316 TORRENS,78.3,False,,,,,,,,,,,,,stratigraphic,1975-05-02,2.0
18037,WORKS & HOUSING DEPT. DD6,,136.8517947,-31.1445074,8.84,1947-08-22,,N,N,Y,N,N,Y,N,Y,South Australia. Department of Works and Housing., ,SH5316 TORRENS,78.3,False,,,,,,,,,,,,,stratigraphic,1975-05-02,2.0
18028,WORK & HOUSING DEPT. DD7,,136.9402397,-31.1032254,7.01,1947-08-27,,N,N,Y,N,N,Y,N,Y,South Australia. Department of Works and Housing., ,SH5316 TORRENS,73.8,False,,,,,,,,,,,,,stratigraphic,1975-05-02,2.0
18029,WORKS & HOUSING DEPT.,,136.9403007,-31.1032334,6.86,1947-09-01,,N,N,Y,N,N,Y,N,N,, ,SH5316 TORRENS,73.8,False,,,,,,,,,,,,,stratigraphic,1975-05-02,2.0
284954,PHILLIP PONDS DD3,,136.8644017,-31.1617744,9.75,1947-09-15,,N,N,Y,N,N,N,N,Y,South Australia. Department of Works and Housing., ,SH5316 TORRENS,80.2,False,,,,,,,,,,,,,stratigraphic,1975-05-02,2.0
18030,WORKS & HOUSING DEPT. DD9,,136.8517947,-31.1445074,7.92,1947-09-17,,N,N,Y,N,N,Y,N,Y,South Australia. Department of Works and Housing., ,SH5316 TORRENS,78.3,False,,,,,,,,,,,,,stratigraphic,1975-05-02,2.0
18031,WORKS & HOUSING DEPT. DD4,,136.8517947,-31.1445704,9.14,1947-09-20,,N,N,Y,N,N,Y,N,Y,South Australia. Department of Works and Housing., ,SH5316 TORRENS,78.3,False,,,,,,,,,,,,,stratigraphic,1975-05-02,2.0
18032,WORKS & HOUSING DEPT. DD10,,136.8517947,-31.1445074,9.45,1947-09-25,,N,N,Y,N,N,Y,N,Y,South Australia. Department of Works and Housing., ,SH5316 TORRENS,78.3,False,,,,,,,,,,,,,stratigraphic,1975-05-02,2.0
18033,WORKS & HOUSING DEPT DD12,,136.8517947,-31.1445704,9.14,1947-09-29,,N,N,Y,N,N,Y,N,Y,South Australia. Department of Works and Housing., ,SH5316 TORRENS,78.3,False,,,,,,,,,,,,,stratigraphic,1975-05-02,2.0
18041,WORKS & HOUSING DEPT. DD17,,136.8516997,-31.1579684,6.1,1947-10-18,,N,N,Y,N,N,Y,N,Y,South Australia. Department of Works and Housing., ,SH5316 TORRENS,79.8,False,,,,,,,,,,,,,stratigraphic,1975-05-02,2.0
18042,WORKS & HOUSING DEPT. DD18,,136.8516997,-31.1579684,6.1,1947-10-20,,N,N,Y,N,N,Y,N,Y,South Australia. Department of Works and Housing., ,SH5316 TORRENS,79.8,False,,,,,,,,,,,,,stratigraphic,1975-05-02,2.0
18043,WORKS & HOUSING DEPT DD19,,136.8516997,-31.1579684,6.71,1947-10-21,,N,N,Y,N,N,Y,N,Y,South Australia. Department of Works and Housing., ,SH5316 TORRENS,79.8,False,,,,,,,,,,,,,stratigraphic,1975-05-02,2.0
18044,WORKS & HOUSING DEPT. DD20,,136.8516997,-31.1579684,6.1,1947-10-22,,N,N,Y,N,N,Y,N,Y,South Australia. Department of Works and Housing., ,SH5316 TORRENS,79.8,False,,,,,,,,,,,,,stratigraphic,1975-05-02,2.0
18055,WORKS & HOUSING DEPT. DD21,,136.8489387,-31.1843124,17.98,1947-11-05,,N,N,Y,N,N,Y,N,Y,South Australia. Department of Works and Housing., ,SH5316 TORRENS,82.7,False,,,,,,,,,,,,,stratigraphic,1975-05-02,2.0
18056,WORKS & HOUSING DEPT. DD22,,136.8489387,-31.1843124,18.29,1947-11-11,,N,N,Y,N,N,Y,N,Y,South Australia. Department of Works and Housing., ,SH5316 TORRENS,82.7,False,,,,,,,,,,,,,stratigraphic,1975-05-02,2.0
69884,NEW KOPPERAMANNA BORE,,138.6887866,-28.6498874,992.43,1949-03-23,Water,Y,N,Y,N,N,N,N,Y,Frome Broken Hill Company Pty Ltd.,OEL 3,SH5401 KOPPERAMANNA,264.7,False,,,,,,,,,,,,,stratigraphic,1975-05-02,2.0
16451,LAKE HART LAUNCHER 6A BORE 1,,136.4354048,-31.0681654,39.01,1957-10-09,,N,N,Y,N,Y,N,N,N,South Australia. Department of Mines and Energy., ,SH5315 GAIRDNER,82.0,False,Corraberra Sandstone Member,N-hwstc,128.0,2.0,Adelaidean,,,,,False,False,False,stratigraphic,1975-05-02,2.0
16455,LAKE HART LAUNCHER 6C,,136.4354048,-31.0681654,17.37,1957-10-18,,N,N,Y,N,N,N,N,N,South Australia. Department of Mines and Energy., ,SH5315 GAIRDNER,82.0,False,,,,,,,,,,,,,stratigraphic,1975-05-02,2.0
16457,LAKE HART LAUNCHER BK 857 BORE 1,,136.4354048,-31.0681654,30.63,1958-09-30,,N,N,Y,N,N,N,N,Y,South Australia. E and WS Department., ,SH5315 GAIRDNER,82.0,False,,,,,,,,,,,,,stratigraphic,1975-05-02,2.0
16456,LAKE HART LAUNCHER BK 857 BORE 2,,136.4354048,-31.0681654,27.43,1958-10-08,,N,N,Y,N,N,N,N,Y,South Australia. E and WS Department., ,SH5315 GAIRDNER,82.0,False,,,,,,,,,,,,,stratigraphic,1975-05-02,2.0
16472,LAKE HART LAUNCHER 6C BORE C,,136.3994818,-31.0635714,4.57,1959-11-03,,N,N,Y,N,Y,N,N,N,South Australia. Department of Mines and Energy., ,SH5315 GAIRDNER,83.4,False,Quaternary rocks > Corraberra Sandstone Member,IH > N-hwstc,15.0,2.0,Adelaidean,,,,,False,False,False,stratigraphic,1975-05-02,2.0
16471,LAKE HART LAUNCHER 6C BORE B,,136.3994818,-31.0635714,9.32,1959-11-09,,N,N,Y,N,Y,N,N,N,South Australia. Department of Mines and Energy., ,SH5315 GAIRDNER,83.4,False,Quaternary rocks > Simmens Quartzite Member > Corraberra Sandstone Member > Tregolana Shale Member,IH > N-hwsts > N-hwstc > N-hwstt,9.3,2.0,Adelaidean,,,,,False,False,False,stratigraphic,1975-05-02,2.0
16470,LAKE HART LAUNCHER 6C BORE A,,136.3994818,-31.0635714,25.91,1959-11-19,,N,N,Y,N,Y,N,N,N,South Australia. Department of Mines and Energy., ,SH5315 GAIRDNER,83.4,False,Quaternary rocks > Corraberra Sandstone Member > Tregolana Shale Member,IH > N-hwstc > N-hwstt,25.91,2.0,Adelaidean,,,,,False,False,False,stratigraphic,1975-05-02,2.0
16452,LAKE HART LAUNCHER 6D EXP BORE 1,,136.4354048,-31.0681654,17.7,1960-03-13,,N,N,Y,N,N,N,N,Y,South Australia. Department of Mines and Energy., ,SH5315 GAIRDNER,82.0,False,,,,,,,,,,,,,stratigraphic,1975-05-02,2.0
18066,"DEPT. OF WORKS, WOOMERA WEST",,136.8224357,-31.3952334,10.67,1960-03-18,,N,N,Y,N,N,Y,N,N,, ,SH5316 TORRENS,106.3,False,,,,,,,,,,,,,stratigraphic,1975-05-02,2.0
18067,"DEPT. OF WORKS, WOOMERA",,136.8224357,-31.3951694,10.67,1960-03-22,,N,N,Y,N,N,Y,N,N,, ,SH5316 TORRENS,106.3,False,,,,,,,,,,,,,stratigraphic,1975-05-02,2.0
18068,COMMONWEALTH DEPT. OF WORKS,,136.8224357,-31.3951694,10.67,1960-03-25,,N,N,Y,N,N,Y,N,N,, ,SH5316 TORRENS,106.3,False,,,,,,,,,,,,,stratigraphic,1975-05-02,2.0
18069,DEPT. OF WORKS,,136.8224357,-31.3951694,6.1,1960-03-30,,N,N,Y,N,N,Y,N,N,, ,SH5316 TORRENS,106.3,False,,,,,,,,,,,,,stratigraphic,1975-05-02,2.0
18070,DEPT. OF WORKS,,136.8224357,-31.3952334,8.84,1960-04-06,,N,N,Y,N,N,Y,N,N,, ,SH5316 TORRENS,106.3,False,,,,,,,,,,,,,stratigraphic,1975-05-02,2.0
16453,LAKE HART LAUNCHER 6D EXP BORE 2,,136.4354048,-31.0681654,30.48,1960-04-09,,N,N,Y,N,N,N,N,Y,South Australia. Department of Mines and Energy., ,SH5315 GAIRDNER,82.0,False,,,,,,,,,,,,,stratigraphic,1975-05-02,2.0
16454,LAKE HART LAUNCHER 6D EXP BORE 3,,136.4354048,-31.0681654,7.01,1960-04-09,,N,N,Y,N,N,N,N,Y,South Australia. Department of Mines and Energy., ,SH5315 GAIRDNER,82.0,False,,,,,,,,,,,,,stratigraphic,1975-05-02,2.0
34113,LAKE TORRENS 3,,138.0390455,-31.2388724,49.07,1960-11-10,,N,N,Y,N,Y,N,N,Y,South Australia. Department of Mines and Energy., ,SH5413 PARACHILNA,141.3,False,Quaternary rocks > Neuroodla Formation,IH > op---u,49.07,0.0,post-Cambrian cover,,,,,False,False,False,stratigraphic,1975-05-02,2.0
34115,LAKE TORRENS 4,,138.0708335,-31.2392144,45.72,1960-11-17,,N,N,Y,N,Y,N,N,Y,South Australia. Department of Mines and Energy., ,SH5413 PARACHILNA,143.7,False,Quaternary rocks > Neuroodla Formation,IH > op---u,45.72,0.0,post-Cambrian cover,,,,,False,False,False,stratigraphic,1975-05-02,2.0
34116,LAKE TORRENS 5,,138.1042895,-31.2392784,47.24,1960-11-30,,N,N,Y,N,Y,N,N,Y,South Australia. Department of Mines and Energy., ,SH5413 PARACHILNA,146.2,False,Quaternary rocks > Neuroodla Formation,IH > op---u,47.24,0.0,post-Cambrian cover,,,,,False,False,False,stratigraphic,1975-05-02,2.0
25521,LAKE EYRE BORE SOUTH 8A,,137.5823277,-29.2656054,71.63,1961-10-17,,N,N,Y,N,Y,N,N,Y,South Australia. Department of Mines and Energy., ,SH5308 CURDIMURKA,146.9,False,Quaternary rocks > Eyre Formation > Winton Formation,IH > ae---e > K--raw,12.8,0.0,post-Cambrian cover,,,,,False,False,False,stratigraphic,1975-05-02,2.0
139496,LAKE TORRENS 3A,TORRENS BRINE 3A,138.0422005,-31.2387834,270.36,1964-04-10,Evaporites,N,N,Y,N,Y,N,N,Y,South Australia. Department of Mines and Energy., ,SH5413 PARACHILNA,141.5,False,Quaternary rocks > Neuroodla Formation > Cotabena Formation,IH > op---u > eo---o,270.36,0.0,post-Cambrian cover,,,,,False,False,False,stratigraphic,1975-05-02,2.0
10121,TOONDINA 1,,135.36798,-27.9485273,100.58,1964-04-24,,Y,N,Y,N,Y,N,N,N,South Australia. Department of Mines and Energy., ,SG5315 OODNADATTA,313.9,False,no sample > Bulldog Shale,------ns > K--rmb,92.96,0.0,post-Cambrian cover,,,,,False,False,False,stratigraphic,1975-05-02,2.0
25327,TR 1,,137.8301445,-31.9784064,37.49,1964-06-04,,N,N,Y,N,N,Y,N,N,South Australia. Department of Mines and Energy., ,SH5316 TORRENS,193.1,False,,,,,,,,,,,,,stratigraphic,1975-05-02,2.0
25330,TR 1A,,137.8306695,-31.9779984,197.82,1964-07-03,,N,N,Y,N,Y,Y,N,Y,South Australia. Department of Mines and Energy., ,SH5316 TORRENS,193.0,False,Quaternary rocks > Neuroodla Formation > Cotabena Formation > Tent Hill Formation,IH > op---u > eo---o > N-hwst,197.82,2.0,Adelaidean,,,,,False,False,False,stratigraphic,1975-05-02,2.0
25329,TR 2,,137.8457495,-31.9778394,209.09,1964-07-13,,N,N,Y,N,Y,Y,N,Y,South Australia. Department of Mines and Energy., ,SH5316 TORRENS,193.7,False,Quaternary rocks > Neuroodla Formation > Cotabena Formation > Cambrian rocks,IH > op---u > eo---o > E-,209.09,1.0,Cambrian,,,,,False,False,False,stratigraphic,1975-05-02,2.0
10099,COOTANOORINA 1,,135.333239,-28.0064353,948.23,1967-06-15,,Y,N,Y,N,Y,N,N,Y,South Australia. Department of Mines and Energy., ,SH5303 WARRINA,309.9,False,Bulldog Shale > Cadna-owie Formation > Algebuckina Sandstone > Mount Toondina Formation > Stuart Range Formation > Boorthanna Formation > Cootanoorina Formation,K--rmb > K----c > JK---a > P----t > P----s > CP---b > E----c,948.23,1.0,Cambrian,,,,,False,False,False,stratigraphic,1975-05-02,2.0
19796,ROOPENA DDH 1,ROOPENA RD 1,137.398676,-32.7188158,249.58,1967-09-25,,N,N,Y,N,Y,Y,N,Y,South Australia. Department of Mines and Energy., ,SI5304 PORT AUGUSTA,257.9,False,Roopena Basalt unit 2 > Roopena Basalt unit 2 > Roopena Basalt unit 2 > Roopena Basalt unit 2 > Roopena Basalt unit 2 > Roopena Basalt unit 1 > Fresh Well Formation unit 1 > Fresh Well Formation unit 1 > Moonabie Formation,M-talr--02 > M-talr--02 > M-talr--02 > M-talr--02 > M-talr--02 > M-talr--01 > M-talf--01 > M-talf--01 > Y--x-o,249.58,4.0,Palaeoproterozoic,1.22,1.22,Roopena Basalt unit 2,Roopena Basalt unit 2,True,True,False,stratigraphic,1975-05-02,2.0
19846,ROOPENA DDH 2,ROOPENA RD 2,137.4009197,-32.718953,120.3,1967-10-16,,N,N,Y,N,Y,N,N,Y,South Australia. Department of Mines and Energy., ,SI5304 PORT AUGUSTA,257.9,False,Roopena Basalt unit 2 > Roopena Basalt unit 2 > Roopena Basalt unit 2 > Roopena Basalt unit 2 > Roopena Basalt unit 2 > Fresh Well Formation > Roopena Basalt unit 2 > Roopena Basalt unit 2 > Roopena Basalt unit 1 > Moonabie Formation,M-talr--02 > M-talr--02 > M-talr--02 > M-talr--02 > M-talr--02 > M-talf > M-talr--02 > M-talr--02 > M-talr--01 > Y--x-o,120.47,4.0,Palaeoproterozoic,0.0,0.0,Roopena Basalt unit 2,Roopena Basalt unit 2,True,True,False,stratigraphic,1975-05-02,2.0
19847,ROOPENA DDH 3,ROOPENA NO.3,137.398676,-32.7188158,181.66,1968-07-18,,N,N,Y,N,Y,N,N,Y,South Australia. Department of Mines and Energy., ,SI5304 PORT AUGUSTA,257.9,False,Roopena Basalt unit 2 > Roopena Basalt unit 2 > Roopena Basalt unit 2 > Roopena Basalt unit 2 > Roopena Basalt unit 2 > Roopena Basalt unit 1 > Fresh Well Formation unit 1 > Moonabie Formation,M-talr--02 > M-talr--02 > M-talr--02 > M-talr--02 > M-talr--02 > M-talr--01 > M-talf--01 > Y--x-o,175.87,4.0,Palaeoproterozoic,0.0,0.0,Roopena Basalt unit 2,Roopena Basalt unit 2,True,True,False,stratigraphic,1975-05-02,2.0
19845,ROOPENA DDH 4,ROOPENA NO.4,137.3965388,-32.7186762,168.3,1968-08-20,,N,N,Y,N,Y,N,N,Y,South Australia. Department of Mines and Energy., ,SI5304 PORT AUGUSTA,257.8,False,Roopena Basalt unit 2 > Roopena Basalt unit 2 > Roopena Basalt unit 2 > Roopena Basalt unit 2 > Roopena Basalt unit 2 > Roopena Basalt unit 2 > Roopena Basalt unit 2 > Roopena Basalt unit 2 > Roopena Basalt unit 2 > Roopena Basalt unit 1 > Fresh Well Formation unit 1 > Moonabie Formation,M-talr--02 > M-talr--02 > M-talr--02 > M-talr--02 > M-talr--02 > M-talr--02 > M-talr--02 > M-talr--02 > M-talr--02 > M-talr--01 > M-talf--01 > Y--x-o,168.3,4.0,Palaeoproterozoic,0.0,0.0,Roopena Basalt unit 2,Roopena Basalt unit 2,True,True,False,stratigraphic,1975-05-02,2.0
10122,TOONDINA 2,,135.36798,-27.9485273,97.54,1969-04-24,,Y,N,Y,N,Y,N,N,N,South Australia. Department of Mines and Energy., ,SG5315 OODNADATTA,313.9,False,no sample > Cadna-owie Formation > Algebuckina Sandstone,------ns > K----c > JK---a,90.83,0.0,post-Cambrian cover,,,,,False,False,False,stratigraphic,1975-05-02,2.0
5145,MOUNT FURNER 1,,134.4653931,-28.1025323,555.04,1969-06-17,,Y,N,Y,Y,Y,N,Y,Y,South Australia. Department of Mines and Energy., ,SH5302 MURLOOCOPPIE,350.4,False,Bulldog Shale > Cadna-owie Formation > Algebuckina Sandstone > Mount Toondina Formation > Stuart Range Formation > Mulgathing Complex,K--rmb > K----c > JK---a > P----t > P----s > AYm,555.04,5.0,Archaean,548.64,548.64,Mulgathing Complex,Mulgathing Complex,True,True,False,stratigraphic,1975-05-02,2.0
69923,BMR - GASON NO.10,,138.7158346,-27.9937294,9.1,1970-10-01,,N,N,Y,N,Y,N,N,Y,"Bureau of Mineral Resources, Geology and Geophysics.", ,SG5413 GASON,324.9,False,Quaternary rocks > Winton Formation,IH > K--raw,9.1,0.0,post-Cambrian cover,,,,,False,False,False,stratigraphic,1975-05-02,2.0
69924,BMR - GASON NO.11,,138.8200126,-27.9284764,12.2,1970-10-01,,N,N,Y,N,Y,N,N,Y,"Bureau of Mineral Resources, Geology and Geophysics.", ,SG5413 GASON,336.5,False,Quaternary rocks > Winton Formation,IH > K--raw,12.2,0.0,post-Cambrian cover,,,,,False,False,False,stratigraphic,1975-05-02,2.0
69925,BMR - GASON NO.12,,138.8210906,-27.9395484,10.7,1970-10-01,,N,N,Y,N,Y,N,N,Y,"Bureau of Mineral Resources, Geology and Geophysics.", ,SG5413 GASON,335.6,False,Quaternary rocks > Winton Formation,IH > K--raw,10.7,0.0,post-Cambrian cover,,,,,False,False,False,stratigraphic,1975-05-02,2.0
6773,MUDDY TANK 1,,134.757451,-29.6035403,123.75,1971-03-09,,Y,N,Y,N,Y,N,N,Y,South Australia. Department of Mines and Energy., ,SH5306 COOBER PEDY,225.2,False,Quaternary rocks > Cadna-owie Formation > Algebuckina Sandstone > Mount Toondina Formation,IH > K----c > JK---a > P----t,123.7,0.0,post-Cambrian cover,,,,,False,False,False,stratigraphic,1975-05-02,2.0
6400,RP 59 AUST UNI,,134.508866,-30.6184143,304.95,1971-08-15,,N,N,Y,N,N,N,N,N,South Australia. Department of Mines and Energy., ,SH5310 TARCOOLA,228.6,False,,,,,,,,,,,,,stratigraphic,1975-05-02,2.0
4996,NEW SURPRISE BORE,,134.3948331,-29.6701873,40.54,1971-10-08,Water,N,N,Y,Y,Y,N,N,N,South Australia. Department of Mines and Energy., ,SH5306 COOBER PEDY,254.7,False,Stuart Range Formation,P----s,30.6,0.0,post-Cambrian cover,,,,,False,False,False,stratigraphic,1975-05-02,2.0
78485,MPE 2,,139.0650545,-29.5769595,75.29,1971-12-10,Uranium,Y,N,Y,N,Y,N,N,N,Pechiney (Aust) Exploration Pty Ltd., ,SH5405 MARREE,230.7,False,Quaternary rocks > Namba Formation > Eyre Formation > Marree Subgroup,IH > op---n > ae---e > K--rm,75.29,0.0,post-Cambrian cover,,,,,False,False,False,stratigraphic,1975-05-02,2.0
78484,MPE 1,,139.0558825,-29.5698425,135.94,1971-12-12,Uranium,Y,N,Y,N,Y,N,N,N,Pechiney (Aust) Exploration Pty Ltd., ,SH5405 MARREE,230.2,False,Quaternary rocks > Eyre Formation > Coorikiana Sandstone > Bulldog Shale,IH > ae---e > K--rmc > K--rmb,135.94,0.0,post-Cambrian cover,,,,,False,False,False,stratigraphic,1975-05-02,2.0
78488,MPE 4,,139.1038655,-29.6011955,80.77,1971-12-13,Uranium,Y,N,Y,N,Y,N,N,N,Pechiney (Aust) Exploration Pty Ltd., ,SH5405 MARREE,233.0,False,Quaternary rocks > Namba Formation > Eyre Formation > Marree Subgroup,IH > op---n > ae---e > K--rm,80.77,0.0,post-Cambrian cover,,,,,False,False,False,stratigraphic,1975-05-02,2.0
78489,MPE 5,,139.1161295,-29.6096545,79.25,1971-12-14,Uranium,Y,N,Y,N,Y,N,N,N,Pechiney (Aust) Exploration Pty Ltd., ,SH5405 MARREE,233.7,False,Quaternary rocks > Namba Formation > Eyre Formation > Marree Subgroup,IH > op---n > ae---e > K--rm,79.25,0.0,post-Cambrian cover,,,,,False,False,False,stratigraphic,1975-05-02,2.0
78490,MPE 6,,139.1266815,-29.6162905,79.25,1971-12-15,Uranium,Y,N,Y,N,Y,N,N,N,Pechiney (Aust) Exploration Pty Ltd., ,SH5405 MARREE,234.3,False,Quaternary rocks > Namba Formation > Eyre Formation > Marree Subgroup,IH > op---n > ae---e > K--rm,79.25,0.0,post-Cambrian cover,,,,,False,False,False,stratigraphic,1975-05-02,2.0
78491,MPE 7,,139.1441615,-29.6282205,65.53,1971-12-16,Uranium,Y,N,Y,N,Y,N,N,N,Pechiney (Aust) Exploration Pty Ltd., ,SH5405 MARREE,235.3,False,Quaternary rocks > Namba Formation > Eyre Formation > Marree Subgroup,IH > op---n > ae---e > K--rm,65.53,0.0,post-Cambrian cover,,,,,False,False,False,stratigraphic,1975-05-02,2.0
78492,MPE 8,,139.1578815,-29.6376415,64.01,1972-01-08,Uranium,Y,N,Y,N,Y,N,N,N,Pechiney (Aust) Exploration Pty Ltd., ,SH5405 MARREE,236.1,False,Quaternary rocks > Namba Formation > Eyre Formation > Marree Subgroup,IH > op---n > ae---e > K--rm,64.01,0.0,post-Cambrian cover,,,,,False,False,False,stratigraphic,1975-05-02,2.0
78487,MPE 3A,,139.0939075,-29.5939175,51.51,1972-01-14,Uranium,Y,N,Y,N,Y,N,N,N,Pechiney (Aust) Exploration Pty Ltd., ,SH5405 MARREE,232.4,False,Quaternary rocks > Namba Formation > Eyre Formation > Marree Subgroup,IH > op---n > ae---e > K--rm,51.51,0.0,post-Cambrian cover,,,,,False,False,False,stratigraphic,1975-05-02,2.0
78497,MPE 9,,139.2163065,-29.6769055,8.23,1972-01-16,Uranium,Y,N,Y,N,Y,N,N,N,Pechiney (Aust) Exploration Pty Ltd., ,SH5405 MARREE,239.7,False,Quaternary rocks > Eyre Formation,IH > ae---e,8.23,0.0,post-Cambrian cover,,,,,False,False,False,stratigraphic,1975-05-02,2.0
78499,MPE 10,,139.2303615,-29.6855755,60.66,1972-01-16,Uranium,Y,N,Y,N,Y,N,N,N,Pechiney (Aust) Exploration Pty Ltd., ,SH5405 MARREE,240.6,False,Quaternary rocks > Eyre Formation > Marree Subgroup,IH > ae---e > K--rm,60.66,0.0,post-Cambrian cover,,,,,False,False,False,stratigraphic,1975-05-02,2.0
78500,MPE 11,,139.2448895,-29.6945835,64.62,1972-02-04,Uranium,Y,N,Y,N,Y,N,N,N,Pechiney (Aust) Exploration Pty Ltd., ,SH5405 MARREE,241.6,False,Quaternary rocks > Eyre Formation > Marree Subgroup,IH > ae---e > K--rm,64.62,0.0,post-Cambrian cover,,,,,False,False,False,stratigraphic,1975-05-02,2.0
78494,MPE 12,,139.1882345,-29.6572695,60.66,1972-02-09,Uranium,Y,N,Y,N,Y,N,N,N,Pechiney (Aust) Exploration Pty Ltd., ,SH5405 MARREE,238.0,False,Quaternary rocks > Eyre Formation > Eyre Formation > Marree Subgroup,IH > ae---e > ae---e > K--rm,60.66,0.0,post-Cambrian cover,,,,,False,False,False,stratigraphic,1975-05-02,2.0
78496,MPE 14,,139.2013705,-29.6657145,55.78,1972-02-11,Uranium,Y,N,Y,N,Y,N,N,N,Pechiney (Aust) Exploration Pty Ltd., ,SH5405 MARREE,238.8,False,Quaternary rocks > Eyre Formation > Eyre Formation > Marree Subgroup,IH > ae---e > ae---e > K--rm,55.78,0.0,post-Cambrian cover,,,,,False,False,False,stratigraphic,1975-05-02,2.0
78501,MPE 15,,139.2521615,-29.7001475,64.92,1972-02-12,Uranium,Y,N,Y,N,Y,N,N,N,Pechiney (Aust) Exploration Pty Ltd., ,SH5405 MARREE,242.0,False,Quaternary rocks > Eyre Formation > Eyre Formation > Marree Subgroup,IH > ae---e > ae---e > K--rm,64.92,0.0,post-Cambrian cover,,,,,False,False,False,stratigraphic,1975-05-02,2.0
78498,MPE 16,,139.2229615,-29.6803505,42.67,1972-02-14,Uranium,Y,N,Y,N,Y,N,N,N,Pechiney (Aust) Exploration Pty Ltd., ,SH5405 MARREE,240.2,False,Quaternary rocks > Eyre Formation > Marree Subgroup,IH > ae---e > K--rm,42.67,0.0,post-Cambrian cover,,,,,False,False,False,stratigraphic,1975-05-02,2.0
78495,MPE 17,,139.1945815,-29.6617505,60.96,1972-02-15,Uranium,Y,N,Y,N,Y,N,N,N,Pechiney (Aust) Exploration Pty Ltd., ,SH5405 MARREE,238.4,False,Quaternary rocks > Eyre Formation > Eyre Formation > Marree Subgroup,IH > ae---e > ae---e > K--rm,60.96,0.0,post-Cambrian cover,,,,,False,False,False,stratigraphic,1975-05-02,2.0
78511,MPE 18,,139.3104325,-29.5739045,18.75,1972-02-16,Uranium,Y,N,Y,N,Y,N,N,N,Pechiney (Aust) Exploration Pty Ltd., ,SH5405 MARREE,252.5,False,Quaternary rocks > Eyre Formation > Eyre Formation,IH > ae---e > ae---e,18.75,0.0,post-Cambrian cover,,,,,False,False,False,stratigraphic,1975-05-02,2.0
78509,MPE 20,,139.2898715,-29.5970465,74.07,1972-02-18,Uranium,Y,N,Y,N,Y,N,N,N,Pechiney (Aust) Exploration Pty Ltd., ,SH5405 MARREE,249.6,False,Quaternary rocks > Eyre Formation > Marree Subgroup,IH > ae---e > K--rm,74.07,0.0,post-Cambrian cover,,,,,False,False,False,stratigraphic,1975-05-02,2.0
78508,MPE 21,,139.2776725,-29.6102605,60.81,1972-02-21,Uranium,Y,N,Y,N,Y,N,N,N,Pechiney (Aust) Exploration Pty Ltd., ,SH5405 MARREE,248.0,False,Quaternary rocks > Eyre Formation > Marree Subgroup,IH > ae---e > K--rm,60.81,0.0,post-Cambrian cover,,,,,False,False,False,stratigraphic,1975-05-02,2.0
78503,MPE 24,,139.2649225,-29.6546045,51.82,1972-02-22,Uranium,Y,N,Y,N,Y,N,N,N,Pechiney (Aust) Exploration Pty Ltd., ,SH5405 MARREE,245.0,False,Quaternary rocks > Eyre Formation > Marree Subgroup,IH > ae---e > K--rm,51.82,0.0,post-Cambrian cover,,,,,False,False,False,stratigraphic,1975-05-02,2.0
78505,MPE 23,,139.2689135,-29.6404745,19.51,1972-02-22,Uranium,Y,N,Y,N,Y,N,N,N,Pechiney (Aust) Exploration Pty Ltd., ,SH5405 MARREE,245.9,False,Quaternary rocks > Eyre Formation,IH > ae---e,19.51,0.0,post-Cambrian cover,,,,,False,False,False,stratigraphic,1975-05-02,2.0
78507,MPE 22,,139.2735665,-29.6257105,56.39,1972-02-22,Uranium,Y,N,Y,N,Y,N,N,N,Pechiney (Aust) Exploration Pty Ltd., ,SH5405 MARREE,247.0,False,Quaternary rocks > Eyre Formation > Marree Subgroup,IH > ae---e > K--rm,56.39,0.0,post-Cambrian cover,,,,,False,False,False,stratigraphic,1975-05-02,2.0
78502,MPE 25,,139.2592175,-29.6763115,56.39,1972-02-24,Uranium,Y,N,Y,N,Y,N,N,N,Pechiney (Aust) Exploration Pty Ltd., ,SH5405 MARREE,243.6,False,Quaternary rocks > Eyre Formation > Marree Subgroup,IH > ae---e > K--rm,56.39,0.0,post-Cambrian cover,,,,,False,False,False,stratigraphic,1975-05-02,2.0
78504,MPE 26,,139.2668745,-29.6468525,56.08,1972-02-24,Uranium,Y,N,Y,N,Y,N,N,N,Pechiney (Aust) Exploration Pty Ltd., ,SH5405 MARREE,245.5,False,Quaternary rocks > Eyre Formation > Marree Subgroup,IH > ae---e > K--rm,56.08,0.0,post-Cambrian cover,,,,,False,False,False,stratigraphic,1975-05-02,2.0
78506,MPE 27,,139.2580195,-29.6398075,56.08,1972-02-26,Uranium,Y,N,Y,N,Y,N,N,N,Pechiney (Aust) Exploration Pty Ltd., ,SH5405 MARREE,245.0,False,Quaternary rocks > Eyre Formation > Marree Subgroup,IH > ae---e > K--rm,56.08,0.0,post-Cambrian cover,,,,,False,False,False,stratigraphic,1975-05-02,2.0
